Date,Close,High,Low,Open,Volume
2010-01-04,4013.969970703125,4013.969970703125,3950.610107421875,3952.2099609375,113396000
2010-01-05,4012.909912109375,4028.340087890625,3993.330078125,4012.429931640625,129518600
2010-01-06,4017.669921875,4022.93994140625,3996.800048828125,4014.449951171875,110087000
2010-01-07,4024.800048828125,4032.239990234375,3983.89990234375,4005.9599609375,118430400
2010-01-08,4045.139892578125,4051.409912109375,4013.340087890625,4042.639892578125,131783200
2010-01-11,4043.090087890625,4088.179931640625,4039.330078125,4071.39990234375,110068800
2010-01-12,4000.050048828125,4049.47998046875,3980.199951171875,4044.18994140625,124775800
2010-01-13,4000.860107421875,4007.860107421875,3979.14990234375,3979.93994140625,117700800
2010-01-14,4015.77001953125,4029.7099609375,3993.5,4029.199951171875,108974600
2010-01-15,3954.3798828125,4044.080078125,3949.89990234375,4030.93994140625,162295200
2010-01-18,3977.4599609375,3982.7900390625,3954.280029296875,3971.169921875,86949800
2010-01-19,4009.669921875,4019.8798828125,3930.909912109375,3968.72998046875,115690200
2010-01-20,3928.949951171875,4013.47998046875,3915.9599609375,3996.360107421875,143524600
2010-01-21,3862.159912109375,3966.199951171875,3862.159912109375,3955.780029296875,112341400
2010-01-22,3820.780029296875,3859.64990234375,3786.2900390625,3840.06005859375,170381000
2010-01-25,3781.85009765625,3833.43994140625,3780.5,3793.6298828125,131374000
2010-01-26,3807.0400390625,3807.47998046875,3741.360107421875,3748.030029296875,141543200
2010-01-27,3759.800048828125,3793.6298828125,3737.2900390625,3769.659912109375,136321600
2010-01-28,3688.7900390625,3812.18994140625,3688.7900390625,3812.18994140625,168079800
2010-01-29,3739.4599609375,3768.389892578125,3696.0,3712.02001953125,149875800
2010-02-01,3762.010009765625,3774.360107421875,3702.010009765625,3713.169921875,119833200
2010-02-02,3812.1298828125,3819.070068359375,3737.719970703125,3766.830078125,134752600
2010-02-03,3793.469970703125,3831.3798828125,3784.320068359375,3819.77001953125,124554600
2010-02-04,3689.25,3806.2099609375,3685.570068359375,3792.419921875,175687000
2010-02-05,3563.760009765625,3673.7099609375,3563.760009765625,3665.909912109375,263299600
2010-02-08,3607.27001953125,3616.669921875,3545.909912109375,3595.3798828125,169862000
2010-02-09,3612.760009765625,3633.590087890625,3583.5400390625,3598.659912109375,147671300
2010-02-10,3635.610107421875,3673.6298828125,3617.719970703125,3638.389892578125,187758600
2010-02-11,3616.75,3675.639892578125,3581.860107421875,3659.949951171875,261448600
2010-02-12,3599.070068359375,3661.0400390625,3579.39990234375,3647.27001953125,186454000
2010-02-15,3609.219970703125,3641.97998046875,3599.6298828125,3621.409912109375,109986800
2010-02-16,3669.0400390625,3669.0400390625,3602.31005859375,3641.419921875,147701400
2010-02-17,3725.2099609375,3748.659912109375,3700.18994140625,3707.179931640625,149233400
2010-02-18,3747.830078125,3752.050048828125,3711.31005859375,3719.06005859375,132533000
2010-02-19,3769.5400390625,3772.669921875,3707.18994140625,3711.860107421875,137178400
2010-02-22,3756.699951171875,3781.97998046875,3752.8798828125,3780.679931640625,147653400
2010-02-23,3707.06005859375,3791.56005859375,3696.489990234375,3780.340087890625,149071400
2010-02-24,3715.679931640625,3727.81005859375,3683.81005859375,3713.43994140625,128846800
2010-02-25,3640.77001953125,3724.68994140625,3633.81005859375,3694.56005859375,171807600
2010-02-26,3708.800048828125,3710.31005859375,3648.340087890625,3680.610107421875,151634000
2010-03-01,3769.5400390625,3771.81005859375,3724.840087890625,3739.56005859375,145259800
2010-03-02,3811.919921875,3811.919921875,3763.159912109375,3770.639892578125,120318200
2010-03-03,3842.52001953125,3849.72998046875,3787.9599609375,3799.330078125,123313800
2010-03-04,3828.409912109375,3850.72998046875,3809.719970703125,3813.39990234375,148795800
2010-03-05,3910.419921875,3910.419921875,3838.340087890625,3845.989990234375,153790200
2010-03-08,3903.5400390625,3924.219970703125,3901.969970703125,3924.219970703125,112178600
2010-03-09,3910.010009765625,3919.52001953125,3876.090087890625,3907.72998046875,125235600
2010-03-10,3943.550048828125,3950.639892578125,3902.110107421875,3908.389892578125,123160400
2010-03-11,3928.949951171875,3946.14990234375,3909.949951171875,3921.260009765625,112501200
2010-03-12,3927.39990234375,3956.419921875,3919.070068359375,3933.969970703125,114568600
2010-03-15,3890.909912109375,3925.860107421875,3889.1298828125,3921.0,94752800
2010-03-16,3938.949951171875,3951.469970703125,3910.81005859375,3914.389892578125,108838800
2010-03-17,3957.889892578125,3967.510009765625,3943.169921875,3954.300048828125,124548900
2010-03-18,3938.179931640625,3964.780029296875,3923.260009765625,3936.93994140625,125638800
2010-03-19,3925.43994140625,3963.530029296875,3906.110107421875,3953.43994140625,184326800
2010-03-22,3928.0,3928.0,3868.02001953125,3908.550048828125,119579800
2010-03-23,3952.550048828125,3962.199951171875,3926.8701171875,3927.6201171875,111188200
2010-03-24,3949.81005859375,3966.9599609375,3907.85009765625,3960.27001953125,132041600
2010-03-25,4000.47998046875,4008.699951171875,3950.949951171875,3951.7099609375,137603800
2010-03-26,3988.929931640625,4002.919921875,3979.8701171875,3990.989990234375,105178200
2010-03-29,4000.659912109375,4017.639892578125,3971.1201171875,4002.1298828125,99561400
2010-03-30,3987.409912109375,4028.639892578125,3978.8701171875,4018.199951171875,117886800
2010-03-31,3974.010009765625,3998.570068359375,3943.030029296875,3982.14990234375,139164200
2010-04-01,4034.22998046875,4041.580078125,3989.830078125,3996.530029296875,111669600
2010-04-06,4053.93994140625,4065.070068359375,4026.739990234375,4048.89990234375,113667400
2010-04-07,4026.969970703125,4052.030029296875,4020.169921875,4049.25,115462800
2010-04-08,3978.4599609375,4012.10009765625,3952.139892578125,4007.3701171875,124318400
2010-04-09,4050.5400390625,4050.5400390625,4008.199951171875,4008.429931640625,104637800
2010-04-12,4050.5,4082.110107421875,4032.0400390625,4078.3798828125,106880000
2010-04-13,4031.989990234375,4058.10009765625,4020.7099609375,4038.72998046875,126779600
2010-04-14,4057.699951171875,4074.2900390625,4046.610107421875,4051.64990234375,136845000
2010-04-15,4065.64990234375,4084.68994140625,4036.89990234375,4069.300048828125,136845000
2010-04-16,3986.6298828125,4086.0,3976.419921875,4044.889892578125,191295400
2010-04-19,3970.469970703125,3987.050048828125,3949.080078125,3964.530029296875,0
2010-04-20,4026.64990234375,4030.0400390625,3970.6298828125,3987.75,119539400
2010-04-21,3977.669921875,4037.389892578125,3976.949951171875,4037.389892578125,138462800
2010-04-22,3924.64990234375,4007.300048828125,3907.429931640625,3969.5,189281900
2010-04-23,3951.300048828125,3968.5,3907.18994140625,3921.8701171875,161657800
2010-04-26,3997.389892578125,4017.530029296875,3978.31005859375,3995.260009765625,129533400
2010-04-27,3844.60009765625,3995.9599609375,3844.60009765625,3988.8701171875,164571600
2010-04-28,3787.0,3848.14990234375,3749.530029296875,3815.389892578125,284113000
2010-04-29,3840.6201171875,3857.639892578125,3775.340087890625,3796.43994140625,180090900
2010-04-30,3816.989990234375,3857.080078125,3783.949951171875,3829.639892578125,179653200
2010-05-03,3828.4599609375,3847.2099609375,3771.9599609375,3796.7900390625,100879200
2010-05-04,3689.2900390625,3836.169921875,3678.889892578125,3827.050048828125,245235200
2010-05-05,3636.030029296875,3705.080078125,3613.570068359375,3688.14990234375,274467800
2010-05-06,3556.110107421875,3667.889892578125,3541.820068359375,3583.75,331062400
2010-05-07,3392.590087890625,3538.860107421875,3349.9599609375,3454.60009765625,438501300
2010-05-10,3720.2900390625,3720.2900390625,3461.9599609375,3605.840087890625,413011200
2010-05-11,3693.199951171875,3700.2900390625,3623.219970703125,3655.239990234375,222168000
2010-05-12,3733.8701171875,3763.070068359375,3639.340087890625,3665.77001953125,207577300
2010-05-13,3731.5400390625,3774.10009765625,3702.739990234375,3774.10009765625,130644800
2010-05-14,3560.360107421875,3711.1201171875,3543.739990234375,3706.77001953125,239780000
2010-05-17,3543.550048828125,3594.93994140625,3515.39990234375,3526.8701171875,167306700
2010-05-18,3617.320068359375,3640.06005859375,3576.27001953125,3601.3798828125,158030000
2010-05-19,3511.669921875,3576.139892578125,3485.889892578125,3557.35009765625,221007000
2010-05-20,3432.52001953125,3555.639892578125,3362.169921875,3522.4599609375,279907600
2010-05-21,3430.739990234375,3458.669921875,3341.760009765625,3433.18994140625,291508000
2010-05-24,3430.929931640625,3477.860107421875,3399.580078125,3460.489990234375,134297800
2010-05-25,3331.2900390625,3348.639892578125,3287.570068359375,3326.5400390625,224325800
2010-05-26,3408.590087890625,3449.570068359375,3374.780029296875,3393.43994140625,220441200
2010-05-27,3525.31005859375,3527.699951171875,3420.780029296875,3433.27001953125,207762200
2010-05-28,3515.06005859375,3553.169921875,3501.169921875,3553.169921875,153896600
2010-05-31,3507.56005859375,3528.780029296875,3498.070068359375,3506.300048828125,64323600
2010-06-01,3503.080078125,3521.239990234375,3414.5,3481.659912109375,187823600
2010-06-02,3501.5,3505.72998046875,3432.199951171875,3471.830078125,143898400
2010-06-03,3557.340087890625,3598.3798828125,3549.8798828125,3572.760009765625,163039000
2010-06-04,3455.610107421875,3593.0,3443.110107421875,3567.989990234375,223099000
2010-06-07,3413.719970703125,3455.320068359375,3381.72998046875,3397.169921875,175973200
2010-06-08,3380.360107421875,3433.860107421875,3343.590087890625,3433.860107421875,177003000
2010-06-09,3446.77001953125,3446.77001953125,3364.840087890625,3411.81005859375,167829200
2010-06-10,3516.639892578125,3538.610107421875,3405.260009765625,3416.5400390625,172744600
2010-06-11,3555.52001953125,3570.389892578125,3507.570068359375,3536.85009765625,177228600
2010-06-14,3626.0400390625,3630.159912109375,3581.969970703125,3583.469970703125,155673600
2010-06-15,3661.510009765625,3672.7099609375,3590.830078125,3590.830078125,152375600
2010-06-16,3675.929931640625,3689.64990234375,3639.280029296875,3689.64990234375,166233600
2010-06-17,3683.080078125,3716.18994140625,3660.25,3671.9599609375,147755800
2010-06-18,3687.2099609375,3704.590087890625,3662.580078125,3685.35009765625,197360200
2010-06-21,3736.14990234375,3759.5400390625,3722.3798828125,3750.699951171875,131633000
2010-06-22,3705.320068359375,3726.0400390625,3671.389892578125,3703.31005859375,136381400
2010-06-23,3641.7900390625,3696.030029296875,3626.5400390625,3665.85009765625,133447000
2010-06-24,3555.360107421875,3667.93994140625,3543.469970703125,3666.419921875,151023400
2010-06-25,3519.72998046875,3577.510009765625,3504.31005859375,3559.1201171875,144737600
2010-06-28,3576.449951171875,3577.590087890625,3506.659912109375,3537.669921875,110519000
2010-06-29,3432.989990234375,3532.3798828125,3424.719970703125,3520.330078125,176011800
2010-06-30,3442.889892578125,3470.68994140625,3408.550048828125,3448.0,169320000
2010-07-01,3339.89990234375,3403.080078125,3321.35009765625,3386.7900390625,188797200
2010-07-02,3348.3701171875,3390.780029296875,3337.409912109375,3371.89990234375,161435300
2010-07-05,3332.4599609375,3364.75,3331.590087890625,3362.719970703125,82880200
2010-07-06,3423.360107421875,3456.429931640625,3349.679931640625,3352.389892578125,139601000
2010-07-07,3483.43994140625,3483.43994140625,3361.179931640625,3386.469970703125,161380200
2010-07-08,3538.25,3553.610107421875,3504.780029296875,3516.1298828125,137177600
2010-07-09,3554.47998046875,3570.889892578125,3540.389892578125,3567.3701171875,102697000
2010-07-12,3567.659912109375,3593.1201171875,3545.570068359375,3562.699951171875,81693200
2010-07-13,3637.760009765625,3642.530029296875,3567.679931640625,3568.389892578125,120330000
2010-07-14,3632.97998046875,3656.760009765625,3596.27001953125,3652.18994140625,104902600
2010-07-15,3581.820068359375,3654.10009765625,3569.409912109375,3617.3701171875,129048000
2010-07-16,3500.159912109375,3614.590087890625,3487.2099609375,3595.02001953125,153679600
2010-07-19,3486.330078125,3534.489990234375,3476.070068359375,3476.070068359375,98873200
2010-07-20,3468.02001953125,3514.389892578125,3419.77001953125,3512.419921875,121121400
2010-07-21,3493.919921875,3541.590087890625,3488.6201171875,3500.360107421875,121735000
2010-07-22,3600.570068359375,3604.89990234375,3469.469970703125,3473.47998046875,152198400
2010-07-23,3607.050048828125,3628.199951171875,3575.320068359375,3595.659912109375,144253200
2010-07-26,3636.179931640625,3636.179931640625,3589.929931640625,3634.760009765625,120159000
2010-07-27,3666.39990234375,3698.02001953125,3654.219970703125,3661.06005859375,189935300
2010-07-28,3670.360107421875,3700.39990234375,3656.18994140625,3680.60009765625,144008200
2010-07-29,3651.909912109375,3720.6298828125,3651.909912109375,3680.06005859375,163107200
2010-07-30,3643.139892578125,3680.070068359375,3600.830078125,3647.2099609375,212444400
2010-08-02,3752.030029296875,3755.719970703125,3671.929931640625,3675.8798828125,128950400
2010-08-03,3747.510009765625,3751.9599609375,3716.0400390625,3744.52001953125,118021400
2010-08-04,3760.719970703125,3779.989990234375,3716.030029296875,3746.56005859375,122176400
2010-08-05,3764.18994140625,3802.93994140625,3758.52001953125,3763.719970703125,111002400
2010-08-06,3716.050048828125,3794.030029296875,3698.14990234375,3780.820068359375,137452400
2010-08-09,3777.3701171875,3781.6298828125,3752.989990234375,3764.25,90481000
2010-08-10,3730.580078125,3771.669921875,3710.010009765625,3769.469970703125,104085000
2010-08-11,3628.2900390625,3708.6201171875,3625.699951171875,3705.43994140625,130808800
2010-08-12,3621.070068359375,3641.85009765625,3584.43994140625,3611.4599609375,142554800
2010-08-13,3610.909912109375,3652.080078125,3577.5400390625,3650.4599609375,112094400
2010-08-16,3597.60009765625,3628.659912109375,3563.8798828125,3622.60009765625,81349400
2010-08-17,3663.1298828125,3664.6201171875,3610.27001953125,3615.35009765625,98604600
2010-08-18,3647.929931640625,3668.5,3625.489990234375,3650.52001953125,84809600
2010-08-19,3572.39990234375,3680.030029296875,3570.35009765625,3666.93994140625,126822600
2010-08-20,3526.1201171875,3596.429931640625,3517.489990234375,3570.39990234375,122422600
2010-08-23,3553.22998046875,3583.449951171875,3524.6298828125,3536.949951171875,84709800
2010-08-24,3491.110107421875,3529.909912109375,3457.1201171875,3523.489990234375,129505800
2010-08-25,3450.18994140625,3500.81005859375,3414.840087890625,3482.530029296875,139057400
2010-08-26,3475.030029296875,3491.85009765625,3455.510009765625,3490.75,117566800
2010-08-27,3507.43994140625,3509.580078125,3435.550048828125,3460.35009765625,124786200
2010-08-30,3487.010009765625,3520.699951171875,3477.27001953125,3518.68994140625,70376000
2010-08-31,3490.7900390625,3490.7900390625,3430.909912109375,3435.050048828125,132464300
2010-09-01,3623.840087890625,3626.260009765625,3478.85009765625,3507.8701171875,168577800
2010-09-02,3631.429931640625,3646.2900390625,3598.179931640625,3610.39990234375,121208000
2010-09-03,3672.199951171875,3706.47998046875,3631.320068359375,3642.10009765625,132819000
2010-09-06,3684.72998046875,3695.469970703125,3674.760009765625,3695.469970703125,74534600
2010-09-07,3643.81005859375,3672.5400390625,3620.360107421875,3669.14990234375,108087700
2010-09-08,3677.2099609375,3686.909912109375,3613.2900390625,3632.6201171875,125221000
2010-09-09,3722.14990234375,3731.06005859375,3655.469970703125,3666.760009765625,123690800
2010-09-10,3725.820068359375,3731.860107421875,3697.179931640625,3703.02001953125,109389800
2010-09-13,3767.14990234375,3781.47998046875,3751.570068359375,3765.239990234375,131294400
2010-09-14,3774.39990234375,3784.1298828125,3746.969970703125,3767.3798828125,118190200
2010-09-15,3755.639892578125,3784.0400390625,3738.43994140625,3776.18994140625,117818000
2010-09-16,3736.300048828125,3766.1298828125,3729.669921875,3757.909912109375,107104400
2010-09-17,3722.02001953125,3795.47998046875,3705.2900390625,3778.239990234375,278399800
2010-09-20,3788.010009765625,3792.3798828125,3737.010009765625,3738.0,142000600
2010-09-21,3784.39990234375,3824.97998046875,3777.6201171875,3781.739990234375,146668200
2010-09-22,3735.050048828125,3796.75,3729.820068359375,3796.75,141261000
2010-09-23,3710.610107421875,3771.68994140625,3666.22998046875,3762.429931640625,133300600
2010-09-24,3782.47998046875,3786.35009765625,3686.2900390625,3687.830078125,191285800
2010-09-27,3766.159912109375,3800.8701171875,3764.1201171875,3796.530029296875,109771000
2010-09-28,3762.35009765625,3780.449951171875,3711.14990234375,3750.530029296875,157413800
2010-09-29,3737.1201171875,3798.47998046875,3725.570068359375,3780.929931640625,143812000
2010-09-30,3715.179931640625,3782.669921875,3693.4599609375,3711.9599609375,160919000
2010-10-01,3692.090087890625,3754.080078125,3672.89990234375,3722.929931640625,135442000
2010-10-04,3649.81005859375,3691.800048828125,3640.47998046875,3689.179931640625,113094000
2010-10-05,3731.929931640625,3742.659912109375,3638.340087890625,3648.9599609375,124876600
2010-10-06,3764.909912109375,3779.7099609375,3746.6298828125,3750.8701171875,145799900
2010-10-07,3770.469970703125,3799.7099609375,3732.449951171875,3769.260009765625,134926800
2010-10-08,3763.179931640625,3774.919921875,3738.56005859375,3763.35009765625,123024800
2010-10-11,3768.489990234375,3782.02001953125,3763.639892578125,3770.030029296875,99536800
2010-10-12,3748.860107421875,3756.25,3700.260009765625,3738.0400390625,127968000
2010-10-13,3828.340087890625,3828.340087890625,3766.929931640625,3768.85009765625,126062800
2010-10-14,3819.169921875,3845.360107421875,3812.409912109375,3833.419921875,153148800
2010-10-15,3827.3701171875,3837.510009765625,3798.929931640625,3829.68994140625,145198400
2010-10-18,3834.5,3842.389892578125,3798.1298828125,3803.4599609375,88536800
2010-10-19,3807.169921875,3853.9599609375,3794.889892578125,3828.75,137790400
2010-10-20,3828.14990234375,3832.8701171875,3786.360107421875,3793.389892578125,115420600
2010-10-21,3878.27001953125,3889.739990234375,3811.43994140625,3820.72998046875,135072000
2010-10-22,3868.5400390625,3887.820068359375,3855.909912109375,3859.330078125,103381200
2010-10-25,3870.0,3894.909912109375,3862.800048828125,3894.909912109375,90223000
2010-10-26,3852.659912109375,3866.35009765625,3818.949951171875,3854.580078125,113039400
2010-10-27,3815.77001953125,3867.889892578125,3811.0,3836.1201171875,125054700
2010-10-28,3834.840087890625,3862.969970703125,3821.8798828125,3838.1298828125,115316500
2010-10-29,3833.5,3857.580078125,3807.800048828125,3828.7099609375,112293600
2010-11-01,3841.110107421875,3873.77001953125,3812.3701171875,3865.0400390625,88108800
2010-11-02,3865.719970703125,3879.35009765625,3830.139892578125,3830.39990234375,96852400
2010-11-03,3842.93994140625,3890.89990234375,3834.679931640625,3880.080078125,116760500
2010-11-04,3916.780029296875,3931.760009765625,3885.169921875,3885.169921875,244575600
2010-11-05,3916.72998046875,3937.639892578125,3893.929931640625,3928.010009765625,156369000
2010-11-08,3913.699951171875,3919.860107421875,3896.699951171875,3915.340087890625,116917100
2010-11-09,3945.7099609375,3961.699951171875,3902.639892578125,3903.85009765625,131200100
2010-11-10,3888.449951171875,3932.669921875,3869.199951171875,3923.25,181527000
2010-11-11,3867.35009765625,3903.199951171875,3848.10009765625,3900.830078125,168785200
2010-11-12,3831.1201171875,3853.31005859375,3769.590087890625,3796.610107421875,171830200
2010-11-15,3864.239990234375,3875.6298828125,3797.75,3810.239990234375,108250800
2010-11-16,3762.469970703125,3842.1201171875,3762.469970703125,3836.72998046875,159943600
2010-11-17,3792.35009765625,3798.72998046875,3753.06005859375,3753.760009765625,114469600
2010-11-18,3867.969970703125,3873.580078125,3822.14990234375,3823.530029296875,149425000
2010-11-19,3860.159912109375,3871.5,3827.030029296875,3871.5,118989600
2010-11-22,3818.889892578125,3896.070068359375,3812.47998046875,3892.64990234375,132362800
2010-11-23,3724.419921875,3803.860107421875,3724.419921875,3792.139892578125,157190800
2010-11-24,3747.610107421875,3760.780029296875,3703.719970703125,3738.469970703125,159483400
2010-11-25,3760.419921875,3767.68994140625,3730.0400390625,3752.419921875,103016400
2010-11-26,3728.64990234375,3743.97998046875,3687.429931640625,3728.989990234375,139703200
2010-11-29,3636.9599609375,3773.89990234375,3636.9599609375,3748.10009765625,176573200
2010-11-30,3610.43994140625,3656.81005859375,3591.780029296875,3643.6298828125,202078200
2010-12-01,3669.2900390625,3674.9599609375,3620.639892578125,3634.610107421875,176499800
2010-12-02,3747.0400390625,3754.820068359375,3650.030029296875,3695.409912109375,186177800
2010-12-03,3750.550048828125,3775.75,3721.3798828125,3744.239990234375,151577200
2010-12-06,3749.22998046875,3763.39990234375,3723.159912109375,3758.580078125,110872600
2010-12-07,3810.5,3835.06005859375,3758.909912109375,3759.590087890625,143962000
2010-12-08,3831.97998046875,3857.860107421875,3784.3798828125,3790.47998046875,123966000
2010-12-09,3858.050048828125,3867.340087890625,3836.830078125,3857.68994140625,147906200
2010-12-10,3857.35009765625,3873.639892578125,3850.68994140625,3870.4599609375,104236200
2010-12-13,3892.43994140625,3904.429931640625,3868.780029296875,3872.830078125,114030000
2010-12-14,3902.8701171875,3902.8701171875,3881.639892578125,3893.9599609375,98932400
2010-12-15,3880.18994140625,3892.929931640625,3865.169921875,3889.840087890625,108015800
2010-12-16,3888.360107421875,3897.14990234375,3861.10009765625,3878.25,102082600
2010-12-17,3867.35009765625,3906.090087890625,3865.10009765625,3901.419921875,152973800
2010-12-20,3885.080078125,3918.68994140625,3869.199951171875,3873.239990234375,100344000
2010-12-21,3927.489990234375,3936.06005859375,3899.219970703125,3903.159912109375,92340000
2010-12-22,3919.7099609375,3932.199951171875,3919.469970703125,3922.9599609375,90292800
2010-12-23,3911.320068359375,3924.300048828125,3889.31005859375,3922.739990234375,56607600
2010-12-27,3862.18994140625,3901.919921875,3836.050048828125,3893.110107421875,45835800
2010-12-28,3858.719970703125,3881.969970703125,3858.719970703125,3872.699951171875,38975400
2010-12-29,3890.64990234375,3904.0400390625,3869.820068359375,3869.89990234375,43576200
2010-12-30,3850.760009765625,3902.0400390625,3839.610107421875,3893.510009765625,47107800
2011-01-03,3900.860107421875,3904.030029296875,3836.7099609375,3847.6298828125,72025000
2011-01-04,3916.030029296875,3945.719970703125,3890.830078125,3908.25,109202000
2011-01-05,3904.610107421875,3905.97998046875,3850.3798828125,3904.469970703125,116335600
2011-01-06,3904.419921875,3945.340087890625,3895.550048828125,3911.340087890625,124397200
2011-01-07,3865.580078125,3913.919921875,3865.580078125,3892.8701171875,113235600
2011-01-10,3802.030029296875,3853.3798828125,3790.9599609375,3850.27001953125,123908000
2011-01-11,3861.919921875,3866.85009765625,3809.85009765625,3821.989990234375,135100800
2011-01-12,3945.070068359375,3946.1201171875,3869.669921875,3870.7900390625,177690200
2011-01-13,3974.830078125,3975.6298828125,3943.97998046875,3950.909912109375,185024800
2011-01-14,3983.280029296875,3992.10009765625,3954.0400390625,3961.0400390625,136628800
2011-01-17,3975.409912109375,3990.35009765625,3965.909912109375,3984.090087890625,79477600
2011-01-18,4012.679931640625,4016.39990234375,3987.02001953125,3991.070068359375,138535800
2011-01-19,3976.7099609375,4022.580078125,3973.239990234375,4019.7900390625,151931600
2011-01-20,3964.840087890625,3989.030029296875,3950.300048828125,3972.830078125,171667200
2011-01-21,4017.449951171875,4057.969970703125,3979.239990234375,3982.489990234375,189639400
2011-01-24,4033.2099609375,4037.89990234375,4002.719970703125,4028.330078125,113053200
2011-01-25,4019.6201171875,4056.68994140625,4016.5,4049.1201171875,149305800
2011-01-26,4049.070068359375,4066.409912109375,4039.590087890625,4043.919921875,159649400
2011-01-27,4059.570068359375,4079.300048828125,4032.110107421875,4040.199951171875,155312400
2011-01-28,4002.320068359375,4072.639892578125,4002.320068359375,4044.56005859375,159516400
2011-01-31,4005.5,4018.510009765625,3953.179931640625,3997.139892578125,149667400
2011-02-01,4072.6201171875,4078.47998046875,4019.340087890625,4037.139892578125,145716600
2011-02-02,4066.530029296875,4089.639892578125,4049.739990234375,4084.75,135369200
2011-02-03,4036.590087890625,4059.25,4009.1201171875,4056.389892578125,132587800
2011-02-04,4047.2099609375,4059.6298828125,4026.919921875,4049.010009765625,125922000
2011-02-07,4090.800048828125,4098.64013671875,4052.610107421875,4055.5,135168800
2011-02-08,4108.27001953125,4109.3798828125,4078.510009765625,4082.43994140625,150037800
2011-02-09,4090.739990234375,4120.43994140625,4090.719970703125,4100.6201171875,148466600
2011-02-10,4095.139892578125,4095.139892578125,4041.6298828125,4078.8701171875,274587200
2011-02-11,4101.31005859375,4121.3798828125,4039.239990234375,4080.739990234375,225951400
2011-02-14,4096.6201171875,4130.39990234375,4089.659912109375,4128.7001953125,179200200
2011-02-15,4110.33984375,4118.759765625,4085.5,4091.639892578125,145990600
2011-02-16,4151.259765625,4169.8701171875,4121.4599609375,4124.259765625,181543800
2011-02-17,4152.31005859375,4163.43994140625,4129.56982421875,4160.77978515625,178321000
2011-02-18,4157.14013671875,4168.56982421875,4136.169921875,4164.64990234375,166152200
2011-02-21,4097.41015625,4163.990234375,4087.85009765625,4153.10009765625,123263600
2011-02-22,4050.27001953125,4078.8701171875,4026.010009765625,4074.6201171875,170506800
2011-02-23,4013.1201171875,4061.0400390625,4007.929931640625,4044.530029296875,160225400
2011-02-24,4009.639892578125,4024.260009765625,3984.360107421875,3985.090087890625,198786200
2011-02-25,4070.3798828125,4084.5400390625,4006.8701171875,4029.070068359375,129429800
2011-02-28,4110.35009765625,4131.72998046875,4053.419921875,4064.550048828125,130304200
2011-03-01,4067.14990234375,4145.72998046875,4056.429931640625,4126.66015625,156607600
2011-03-02,4034.320068359375,4053.639892578125,4009.889892578125,4042.510009765625,168907600
2011-03-03,4060.760009765625,4098.10986328125,4040.429931640625,4057.909912109375,126624400
2011-03-04,4020.2099609375,4091.31005859375,4010.800048828125,4068.68994140625,105091800
2011-03-07,3990.409912109375,4049.97998046875,3990.409912109375,4007.340087890625,76137000
2011-03-08,4015.909912109375,4017.429931640625,3964.989990234375,4006.360107421875,78340200
2011-03-09,3993.81005859375,4035.81005859375,3985.909912109375,4016.449951171875,87044800
2011-03-10,3963.989990234375,3980.85009765625,3940.25,3961.3701171875,56764000
2011-03-11,3928.679931640625,3951.4599609375,3915.2099609375,3926.719970703125,56519600
2011-03-14,3878.0400390625,3939.5,3871.219970703125,3914.030029296875,98051600
2011-03-15,3780.85009765625,3820.7900390625,3713.070068359375,3793.949951171875,140934800
2011-03-16,3696.56005859375,3800.830078125,3693.93994140625,3800.830078125,95758400
2011-03-17,3786.2099609375,3796.6201171875,3708.1298828125,3728.639892578125,132872800
2011-03-18,3810.219970703125,3861.840087890625,3801.469970703125,3807.510009765625,107533200
2011-03-21,3904.449951171875,3904.449951171875,3855.25,3870.719970703125,84480400
2011-03-22,3892.7099609375,3926.659912109375,3876.7099609375,3904.1201171875,97281600
2011-03-23,3913.72998046875,3918.0,3875.260009765625,3875.260009765625,67882600
2011-03-24,3968.840087890625,3973.02001953125,3885.830078125,3900.239990234375,47473600
2011-03-25,3972.3798828125,3986.56005859375,3960.18994140625,3986.56005859375,53107800
2011-03-28,3976.949951171875,3991.320068359375,3959.85009765625,3966.77001953125,121680800
2011-03-29,3987.800048828125,3990.72998046875,3949.199951171875,3984.050048828125,113657600
2011-03-30,4024.43994140625,4031.179931640625,4011.7099609375,4024.02001953125,124535200
2011-03-31,3989.179931640625,4037.39990234375,3989.179931640625,4025.8701171875,127460400
2011-04-01,4054.760009765625,4055.8798828125,4002.22998046875,4014.580078125,150410000
2011-04-04,4042.919921875,4059.64990234375,4039.60009765625,4051.43994140625,100169600
2011-04-05,4041.739990234375,4045.0,4013.669921875,4039.739990234375,116996200
2011-04-06,4048.159912109375,4066.75,4015.760009765625,4046.330078125,134534400
2011-04-07,4028.300048828125,4070.889892578125,4025.02001953125,4048.699951171875,125786200
2011-04-08,4061.909912109375,4068.64990234375,4047.550048828125,4051.919921875,99894800
2011-04-11,4038.699951171875,4057.530029296875,4026.080078125,4056.93994140625,96334600
2011-04-12,3976.60009765625,4018.81005859375,3966.070068359375,4008.340087890625,136738400
2011-04-13,4006.22998046875,4029.340087890625,3984.010009765625,3998.2900390625,125471800
2011-04-14,3970.389892578125,3994.860107421875,3949.010009765625,3986.260009765625,141820400
2011-04-15,3974.47998046875,3977.659912109375,3950.5,3970.64990234375,128157600
2011-04-18,3881.239990234375,3971.2900390625,3862.39990234375,3970.6201171875,177310600
2011-04-19,3908.580078125,3929.169921875,3895.3798828125,3899.679931640625,122201800
2011-04-20,4004.6201171875,4008.739990234375,3947.4599609375,3947.4599609375,145177200
2011-04-21,4021.8798828125,4034.5,4011.3798828125,4021.909912109375,117981600
2011-04-26,4045.2900390625,4048.0,4009.820068359375,4014.2900390625,117611000
2011-04-27,4067.719970703125,4084.320068359375,4036.280029296875,4048.139892578125,136070200
2011-04-28,4104.89990234375,4107.89990234375,4080.14990234375,4095.419921875,132981600
2011-04-29,4106.919921875,4110.41015625,4084.469970703125,4093.610107421875,88112400
2011-05-02,4108.77001953125,4137.97021484375,4108.77001953125,4137.75,73176600
2011-05-03,4096.83984375,4107.759765625,4070.68994140625,4105.35009765625,123666600
2011-05-04,4043.1298828125,4116.66015625,4032.219970703125,4089.639892578125,174613800
2011-05-05,4004.8701171875,4052.22998046875,3981.18994140625,4039.10009765625,158508000
2011-05-06,4058.010009765625,4064.5,3991.530029296875,4008.429931640625,198353200
2011-05-09,4007.260009765625,4058.030029296875,3993.669921875,4037.909912109375,156322200
2011-05-10,4052.510009765625,4072.159912109375,4006.93994140625,4011.330078125,135958000
2011-05-11,4058.080078125,4076.659912109375,4047.820068359375,4062.429931640625,124748200
2011-05-12,4023.2900390625,4025.139892578125,3986.929931640625,4015.800048828125,137773600
2011-05-13,4018.85009765625,4067.590087890625,4011.43994140625,4046.219970703125,131363400
2011-05-16,3989.820068359375,3998.3701171875,3955.929931640625,3975.3798828125,132068800
2011-05-17,3941.580078125,4003.56005859375,3941.580078125,3973.1201171875,147591800
2011-05-18,3978.0,3990.699951171875,3956.219970703125,3976.7900390625,116214600
2011-05-19,4027.739990234375,4046.070068359375,3978.179931640625,4001.320068359375,138843000
2011-05-20,3990.85009765625,4050.570068359375,3983.1298828125,4023.090087890625,142434000
2011-05-23,3906.97998046875,3937.010009765625,3903.89990234375,3934.360107421875,147679000
2011-05-24,3916.8798828125,3934.52001953125,3907.159912109375,3915.110107421875,114450200
2011-05-25,3928.989990234375,3937.5400390625,3884.550048828125,3889.719970703125,125187400
2011-05-26,3917.219970703125,3949.169921875,3904.06005859375,3937.050048828125,118966800
2011-05-27,3950.97998046875,3979.070068359375,3940.860107421875,3958.60009765625,126730400
2011-05-30,3942.530029296875,3963.280029296875,3931.530029296875,3947.159912109375,45500200
2011-05-31,4006.93994140625,4015.25,3959.909912109375,3967.6298828125,158365800
2011-06-01,3964.81005859375,4015.85009765625,3956.070068359375,4014.840087890625,142249400
2011-06-02,3889.8701171875,3937.0,3889.8701171875,3930.590087890625,115807400
2011-06-03,3890.679931640625,3905.590087890625,3845.389892578125,3899.159912109375,121969600
2011-06-06,3863.39990234375,3881.9599609375,3851.830078125,3875.6298828125,109191200
2011-06-07,3871.919921875,3889.969970703125,3855.989990234375,3863.830078125,104114200
2011-06-08,3837.97998046875,3864.3701171875,3826.070068359375,3857.64990234375,134131800
2011-06-09,3878.64990234375,3884.72998046875,3823.14990234375,3835.25,125482600
2011-06-10,3805.090087890625,3876.550048828125,3798.8798828125,3865.739990234375,129841400
2011-06-13,3807.610107421875,3828.22998046875,3796.300048828125,3807.4599609375,71744800
2011-06-14,3864.580078125,3877.81005859375,3829.909912109375,3830.7900390625,116978400
2011-06-15,3806.85009765625,3858.639892578125,3800.320068359375,3851.22998046875,134403400
2011-06-16,3792.31005859375,3795.47998046875,3743.969970703125,3775.3798828125,190407000
2011-06-17,3823.739990234375,3843.449951171875,3742.31005859375,3774.550048828125,234691000
2011-06-20,3799.659912109375,3806.669921875,3755.2900390625,3758.97998046875,111639000
2011-06-21,3877.070068359375,3879.43994140625,3820.050048828125,3820.050048828125,121993800
2011-06-22,3871.3701171875,3885.22998046875,3853.889892578125,3875.110107421875,110901000
2011-06-23,3787.7900390625,3857.889892578125,3774.27001953125,3852.47998046875,149658400
2011-06-24,3784.800048828125,3867.1298828125,3775.35009765625,3838.5,165306200
2011-06-27,3796.550048828125,3803.2900390625,3769.610107421875,3775.75,105267400
2011-06-28,3851.889892578125,3867.89990234375,3806.35009765625,3810.510009765625,141402000
2011-06-29,3924.22998046875,3935.93994140625,3868.919921875,3875.800048828125,149301800
2011-06-30,3982.2099609375,3982.419921875,3926.280029296875,3937.260009765625,135571800
2011-07-01,4007.35009765625,4023.590087890625,3967.4599609375,3981.9599609375,128423200
2011-07-04,4003.110107421875,4010.3701171875,3996.580078125,4010.3701171875,88648000
2011-07-05,3978.830078125,3998.830078125,3973.679931640625,3997.47998046875,224301600
2011-07-06,3961.340087890625,3981.89990234375,3941.64990234375,3981.3798828125,164595400
2011-07-07,3979.9599609375,4020.330078125,3960.239990234375,3981.7900390625,159199800
2011-07-08,3913.550048828125,3999.449951171875,3912.77001953125,3995.429931640625,181067000
2011-07-11,3807.510009765625,3890.070068359375,3789.85009765625,3878.60009765625,202009000
2011-07-12,3774.1201171875,3786.5400390625,3717.580078125,3742.199951171875,253102000
2011-07-13,3793.27001953125,3800.8701171875,3748.47998046875,3755.510009765625,158020800
2011-07-14,3751.22998046875,3782.050048828125,3743.889892578125,3754.570068359375,129300000
2011-07-15,3726.590087890625,3748.050048828125,3706.820068359375,3730.5,154508400
2011-07-18,3650.7099609375,3698.9599609375,3645.7900390625,3697.5400390625,155673600
2011-07-19,3694.949951171875,3705.14990234375,3664.679931640625,3671.1298828125,144050000
2011-07-20,3754.60009765625,3759.47998046875,3709.949951171875,3724.570068359375,159089600
2011-07-21,3816.75,3839.9599609375,3712.2099609375,3769.860107421875,219725600
2011-07-22,3842.699951171875,3866.340087890625,3817.610107421875,3855.429931640625,151585800
2011-07-25,3812.969970703125,3845.06005859375,3808.159912109375,3813.5,122284800
2011-07-26,3787.8798828125,3835.10009765625,3767.530029296875,3819.22998046875,131683400
2011-07-27,3734.070068359375,3776.97998046875,3711.18994140625,3774.5400390625,163482000
2011-07-28,3712.659912109375,3721.3701171875,3669.27001953125,3706.97998046875,247657600
2011-07-29,3672.77001953125,3691.090087890625,3630.75,3661.320068359375,217617000
2011-08-01,3588.050048828125,3722.590087890625,3585.6201171875,3718.110107421875,195464800
2011-08-02,3522.7900390625,3592.300048828125,3522.7900390625,3567.510009765625,187298600
2011-08-03,3454.93994140625,3518.550048828125,3441.389892578125,3472.93994140625,270629800
2011-08-04,3320.35009765625,3515.110107421875,3315.340087890625,3515.110107421875,285921000
2011-08-05,3278.56005859375,3389.8701171875,3218.389892578125,3218.389892578125,373071600
2011-08-08,3125.18994140625,3333.610107421875,3125.18994140625,3254.360107421875,324537000
2011-08-09,3176.18994140625,3201.679931640625,2979.8701171875,3131.840087890625,409099800
2011-08-10,3002.989990234375,3235.800048828125,3001.25,3235.800048828125,396477400
2011-08-11,3089.659912109375,3101.8701171875,2891.110107421875,3101.8701171875,403786200
2011-08-12,3213.8798828125,3216.669921875,3017.18994140625,3094.840087890625,262638400
2011-08-15,3239.06005859375,3259.590087890625,3201.1201171875,3248.139892578125,130932600
2011-08-16,3230.89990234375,3230.89990234375,3162.2099609375,3215.5,140077000
2011-08-17,3254.340087890625,3288.820068359375,3182.27001953125,3211.489990234375,139923000
2011-08-18,3076.0400390625,3224.330078125,3048.409912109375,3216.77001953125,225148200
2011-08-19,3016.989990234375,3078.280029296875,2947.909912109375,3060.830078125,236184000
2011-08-22,3051.360107421875,3114.139892578125,2989.60009765625,2989.60009765625,140543000
2011-08-23,3084.3701171875,3137.3701171875,3051.159912109375,3088.75,144741200
2011-08-24,3139.550048828125,3166.820068359375,3075.47998046875,3114.97998046875,137490200
2011-08-25,3119.0,3189.419921875,3096.5400390625,3167.659912109375,165541000
2011-08-26,3087.639892578125,3122.22998046875,3014.31005859375,3113.840087890625,147228800
2011-08-29,3154.199951171875,3174.429931640625,3117.93994140625,3141.18994140625,88143400
2011-08-30,3159.739990234375,3193.169921875,3129.0400390625,3186.77001953125,116729200
2011-08-31,3256.760009765625,3263.090087890625,3164.510009765625,3179.2099609375,179748000
2011-09-01,3265.830078125,3295.5400390625,3207.320068359375,3273.050048828125,176261000
2011-09-02,3148.530029296875,3226.93994140625,3132.659912109375,3226.93994140625,170000200
2011-09-05,2999.5400390625,3083.22998046875,2977.179931640625,3072.510009765625,210686000
2011-09-06,2965.639892578125,3042.6298828125,2942.780029296875,2998.2900390625,227916000
2011-09-07,3073.179931640625,3073.179931640625,3015.969970703125,3038.570068359375,148162400
2011-09-08,3085.830078125,3116.2099609375,3044.3798828125,3070.580078125,146587000
2011-09-09,2974.590087890625,3077.419921875,2967.169921875,3064.93994140625,220775200
2011-09-12,2854.81005859375,2894.030029296875,2820.760009765625,2880.4599609375,267001600
2011-09-13,2894.929931640625,2910.43994140625,2769.969970703125,2910.43994140625,247813400
2011-09-14,2949.139892578125,2956.739990234375,2849.72998046875,2851.68994140625,234078800
2011-09-15,3045.6201171875,3086.639892578125,2960.68994140625,2969.4599609375,231246600
2011-09-16,3031.080078125,3084.159912109375,3014.449951171875,3084.159912109375,360134400
2011-09-19,2940.0,2978.340087890625,2921.97998046875,2960.929931640625,176380200
2011-09-20,2984.050048828125,2991.2099609375,2909.75,2918.070068359375,202852800
2011-09-21,2935.820068359375,2982.860107421875,2929.969970703125,2982.860107421875,154303600
2011-09-22,2781.679931640625,2863.760009765625,2771.199951171875,2857.860107421875,230090800
2011-09-23,2810.110107421875,2823.969970703125,2693.2099609375,2821.429931640625,226499000
2011-09-26,2859.340087890625,2916.75,2753.27001953125,2754.820068359375,202905000
2011-09-27,3023.3798828125,3023.3798828125,2910.219970703125,2943.320068359375,208513200
2011-09-28,2995.6201171875,3055.669921875,2969.489990234375,2990.469970703125,162366600
2011-09-29,3027.64990234375,3060.429931640625,2974.97998046875,2978.260009765625,164273800
2011-09-30,2981.9599609375,3021.969970703125,2948.239990234375,3009.260009765625,176677200
2011-10-03,2926.830078125,2946.3798828125,2888.830078125,2913.070068359375,161438000
2011-10-04,2850.550048828125,2884.6201171875,2808.219970703125,2884.5400390625,220968200
2011-10-05,2973.89990234375,2973.89990234375,2887.820068359375,2921.300048828125,189958600
2011-10-06,3075.3701171875,3075.3701171875,2995.3798828125,2999.780029296875,211300200
2011-10-07,3095.56005859375,3126.0,3052.4599609375,3073.93994140625,168207000
2011-10-10,3161.469970703125,3162.72998046875,3094.169921875,3121.409912109375,138238600
2011-10-11,3153.52001953125,3156.090087890625,3115.050048828125,3151.8701171875,147086200
2011-10-12,3229.760009765625,3238.070068359375,3121.159912109375,3136.550048828125,195669400
2011-10-13,3186.93994140625,3251.6201171875,3168.3798828125,3212.5400390625,210298800
2011-10-14,3217.889892578125,3250.47998046875,3180.050048828125,3200.52001953125,154156800
2011-10-17,3166.06005859375,3266.570068359375,3149.929931640625,3241.969970703125,155771600
2011-10-18,3141.10009765625,3152.090087890625,3088.320068359375,3125.239990234375,153524600
2011-10-19,3157.340087890625,3184.330078125,3137.050048828125,3166.239990234375,187332800
2011-10-20,3084.070068359375,3148.39990234375,3082.1201171875,3108.360107421875,188070600
2011-10-21,3171.340087890625,3171.340087890625,3092.429931640625,3110.199951171875,158792600
2011-10-24,3220.4599609375,3224.090087890625,3156.3701171875,3190.7099609375,127798000
2011-10-25,3174.2900390625,3228.3798828125,3150.1298828125,3202.06005859375,145688400
2011-10-26,3169.6201171875,3227.969970703125,3146.110107421875,3167.659912109375,139979600
2011-10-27,3368.6201171875,3372.5400390625,3243.7900390625,3300.719970703125,282367000
2011-10-28,3348.6298828125,3411.219970703125,3333.2900390625,3378.580078125,187220400
2011-10-31,3242.840087890625,3310.300048828125,3242.840087890625,3302.780029296875,162597600
2011-11-01,3068.330078125,3181.659912109375,3057.260009765625,3162.570068359375,265743800
2011-11-02,3110.590087890625,3134.830078125,3049.699951171875,3117.8798828125,163604400
2011-11-03,3195.469970703125,3221.93994140625,3029.43994140625,3039.570068359375,227668200
2011-11-04,3123.550048828125,3228.110107421875,3113.43994140625,3219.7099609375,252337800
2011-11-07,3103.60009765625,3144.0400390625,3053.10009765625,3087.97998046875,206315000
2011-11-08,3143.300048828125,3193.6201171875,3102.669921875,3104.929931640625,178067200
2011-11-09,3075.159912109375,3183.409912109375,3046.360107421875,3170.159912109375,206955600
2011-11-10,3064.840087890625,3122.2900390625,3008.72998046875,3011.389892578125,185762800
2011-11-11,3149.3798828125,3154.97998046875,3057.0400390625,3070.330078125,142159800
2011-11-14,3108.949951171875,3174.320068359375,3090.22998046875,3169.429931640625,131608000
2011-11-15,3049.1298828125,3097.97998046875,3030.159912109375,3082.0400390625,145882800
2011-11-16,3064.89990234375,3102.239990234375,3027.43994140625,3038.60009765625,125450600
2011-11-17,3010.2900390625,3064.14990234375,3000.669921875,3052.93994140625,140556200
2011-11-18,2997.010009765625,3026.389892578125,2979.60009765625,2989.969970703125,126345000
2011-11-21,2894.93994140625,2981.7900390625,2894.93994140625,2981.7900390625,140566000
2011-11-22,2870.679931640625,2941.760009765625,2870.679931640625,2925.320068359375,166526600
2011-11-23,2822.429931640625,2881.56005859375,2822.429931640625,2840.2900390625,183383800
2011-11-24,2822.25,2876.31005859375,2807.06005859375,2849.5,165475000
2011-11-25,2856.969970703125,2871.489990234375,2793.219970703125,2822.85009765625,128025400
2011-11-28,3012.929931640625,3012.929931640625,2890.760009765625,2897.47998046875,162111800
2011-11-29,3026.760009765625,3047.8701171875,2972.10009765625,2995.9599609375,129577200
2011-11-30,3154.6201171875,3166.550048828125,2986.280029296875,2992.139892578125,246590000
2011-12-01,3129.949951171875,3168.919921875,3119.739990234375,3151.35009765625,150485200
2011-12-02,3164.949951171875,3201.06005859375,3151.409912109375,3167.31005859375,160039800
2011-12-05,3201.280029296875,3215.780029296875,3183.570068359375,3206.669921875,135224000
2011-12-06,3179.6298828125,3207.89990234375,3167.639892578125,3172.929931640625,141994400
2011-12-07,3175.97998046875,3244.889892578125,3131.989990234375,3225.360107421875,148582400
2011-12-08,3095.489990234375,3215.590087890625,3091.22998046875,3202.330078125,168175800
2011-12-09,3172.35009765625,3175.89990234375,3064.6298828125,3066.4599609375,178013400
2011-12-12,3089.590087890625,3163.699951171875,3089.590087890625,3150.840087890625,128300800
2011-12-13,3078.719970703125,3111.10009765625,3059.4599609375,3096.669921875,144710600
2011-12-14,2976.169921875,3072.949951171875,2976.169921875,3057.429931640625,153957400
2011-12-15,2998.72998046875,3021.639892578125,2975.1201171875,2989.949951171875,141730000
2011-12-16,2972.300048828125,3017.090087890625,2969.39990234375,3010.409912109375,205243400
2011-12-19,2974.199951171875,3009.989990234375,2941.39990234375,2942.340087890625,107024600
2011-12-20,3055.389892578125,3055.389892578125,2957.199951171875,2967.050048828125,151683800
2011-12-21,3030.469970703125,3121.389892578125,3019.719970703125,3080.0,136210400
2011-12-22,3071.800048828125,3080.18994140625,3046.830078125,3046.830078125,97425200
2011-12-23,3102.090087890625,3113.93994140625,3086.10009765625,3101.75,57720200
2011-12-27,3103.110107421875,3131.5,3098.139892578125,3111.139892578125,40091200
2011-12-28,3071.080078125,3130.820068359375,3071.080078125,3102.239990234375,60153000
2011-12-29,3127.56005859375,3127.56005859375,3064.68994140625,3081.169921875,68204400
2011-12-30,3159.81005859375,3159.81005859375,3120.050048828125,3139.909912109375,61300800
2012-01-03,3245.39990234375,3246.739990234375,3193.6298828125,3231.429931640625,123415200
2012-01-04,3193.64990234375,3242.840087890625,3186.47998046875,3227.4599609375,114040800
2012-01-05,3144.909912109375,3200.14990234375,3136.75,3197.159912109375,121161600
2012-01-06,3137.360107421875,3184.3798828125,3122.6298828125,3156.419921875,104492800
2012-01-09,3127.68994140625,3157.31005859375,3114.449951171875,3143.949951171875,96976800
2012-01-10,3210.7900390625,3219.429931640625,3154.25,3154.25,145862400
2012-01-11,3204.830078125,3236.340087890625,3181.169921875,3204.0,160926400
2012-01-12,3199.97998046875,3253.2900390625,3190.1201171875,3210.8798828125,158950800
2012-01-13,3196.489990234375,3243.85009765625,3151.68994140625,3224.159912109375,148237600
2012-01-16,3225.0,3231.02001953125,3163.679931640625,3174.330078125,91678800
2012-01-17,3269.989990234375,3292.590087890625,3243.3701171875,3260.27001953125,138784600
2012-01-18,3264.929931640625,3301.889892578125,3236.489990234375,3276.35009765625,165938400
2012-01-19,3328.93994140625,3328.93994140625,3272.31005859375,3286.110107421875,225110400
2012-01-20,3321.5,3336.6201171875,3304.949951171875,3336.219970703125,192035600
2012-01-23,3338.419921875,3352.320068359375,3313.7099609375,3325.419921875,150082800
2012-01-24,3322.64990234375,3323.969970703125,3292.510009765625,3320.06005859375,155540800
2012-01-25,3312.47998046875,3339.56005859375,3285.6298828125,3336.530029296875,157690800
2012-01-26,3363.22998046875,3368.659912109375,3323.070068359375,3331.820068359375,182746000
2012-01-27,3318.760009765625,3368.219970703125,3318.760009765625,3345.070068359375,140533600
2012-01-30,3265.639892578125,3300.679931640625,3264.02001953125,3295.97998046875,141927600
2012-01-31,3298.550048828125,3325.10009765625,3289.47998046875,3292.010009765625,130102200
2012-02-01,3367.4599609375,3370.280029296875,3320.320068359375,3320.320068359375,160844200
2012-02-02,3376.659912109375,3399.530029296875,3355.840087890625,3386.6298828125,139818800
2012-02-03,3427.919921875,3427.919921875,3361.179931640625,3370.6298828125,172897800
2012-02-06,3405.27001953125,3412.320068359375,3380.93994140625,3412.320068359375,120660200
2012-02-07,3411.5400390625,3421.639892578125,3379.429931640625,3416.0400390625,119911600
2012-02-08,3410.0,3439.090087890625,3410.0,3425.409912109375,152896800
2012-02-09,3424.7099609375,3449.239990234375,3412.580078125,3419.43994140625,174475800
2012-02-10,3373.139892578125,3409.760009765625,3365.47998046875,3394.919921875,264071200
2012-02-13,3384.550048828125,3413.429931640625,3366.320068359375,3406.860107421875,147394200
2012-02-14,3375.639892578125,3399.969970703125,3362.510009765625,3369.75,157063200
2012-02-15,3390.35009765625,3419.070068359375,3377.550048828125,3399.3701171875,161884400
2012-02-16,3393.25,3393.25,3352.6298828125,3366.0,165232800
2012-02-17,3439.6201171875,3450.760009765625,3422.2099609375,3425.830078125,192343600
2012-02-20,3472.5400390625,3472.929931640625,3452.699951171875,3463.56005859375,139267800
2012-02-21,3465.239990234375,3478.010009765625,3440.340087890625,3476.1201171875,143283200
2012-02-22,3447.3701171875,3478.030029296875,3443.590087890625,3472.760009765625,174313200
2012-02-23,3447.31005859375,3468.5400390625,3425.02001953125,3437.77001953125,161449400
2012-02-24,3467.030029296875,3474.550048828125,3451.10009765625,3464.9599609375,131628200
2012-02-27,3441.449951171875,3452.06005859375,3412.169921875,3452.010009765625,122436800
2012-02-28,3453.989990234375,3462.5400390625,3425.72998046875,3455.340087890625,144284000
2012-02-29,3452.449951171875,3489.47998046875,3447.610107421875,3464.8798828125,168217200
2012-03-01,3499.72998046875,3500.010009765625,3431.929931640625,3444.530029296875,199114600
2012-03-02,3501.169921875,3514.14990234375,3493.7900390625,3504.719970703125,140367000
2012-03-05,3487.5400390625,3499.25,3462.659912109375,3485.510009765625,119496400
2012-03-06,3362.56005859375,3475.429931640625,3362.56005859375,3475.429931640625,201021600
2012-03-07,3392.330078125,3396.449951171875,3363.280029296875,3364.1298828125,151405800
2012-03-08,3478.360107421875,3478.360107421875,3410.93994140625,3415.60009765625,167386000
2012-03-09,3487.47998046875,3507.52001953125,3464.739990234375,3484.590087890625,139266200
2012-03-12,3490.06005859375,3493.8701171875,3467.610107421875,3473.3701171875,126652200
2012-03-13,3550.159912109375,3550.580078125,3508.590087890625,3508.590087890625,144632400
2012-03-14,3564.510009765625,3585.97998046875,3561.919921875,3565.64990234375,193729400
2012-03-15,3580.2099609375,3581.3798828125,3554.449951171875,3559.10009765625,166627400
2012-03-16,3594.830078125,3600.47998046875,3574.919921875,3581.449951171875,216965200
2012-03-19,3577.8798828125,3581.47998046875,3563.280029296875,3581.47998046875,118717800
2012-03-20,3530.830078125,3566.3701171875,3524.02001953125,3563.97998046875,130689600
2012-03-21,3527.3701171875,3565.300048828125,3504.0,3546.760009765625,134489800
2012-03-22,3472.4599609375,3518.590087890625,3457.18994140625,3514.610107421875,142925200
2012-03-23,3476.179931640625,3490.89990234375,3432.56005859375,3473.340087890625,121675600
2012-03-26,3501.97998046875,3509.550048828125,3457.800048828125,3495.760009765625,110539600
2012-03-27,3469.590087890625,3535.60009765625,3465.14990234375,3515.72998046875,156349800
2012-03-28,3430.14990234375,3484.64990234375,3430.14990234375,3456.070068359375,145509600
2012-03-29,3381.1201171875,3435.409912109375,3374.68994140625,3426.080078125,158467800
2012-03-30,3423.81005859375,3430.320068359375,3396.2900390625,3407.31005859375,151574200
2012-04-02,3462.909912109375,3462.909912109375,3397.97998046875,3439.169921875,157446000
2012-04-03,3406.780029296875,3473.199951171875,3406.780029296875,3464.320068359375,139988000
2012-04-04,3313.469970703125,3395.340087890625,3310.5,3392.10009765625,225598400
2012-04-05,3319.81005859375,3338.77001953125,3279.31005859375,3326.31005859375,181386200
2012-04-10,3217.60009765625,3292.280029296875,3217.60009765625,3274.85009765625,196653400
2012-04-11,3237.68994140625,3270.909912109375,3205.43994140625,3214.6298828125,200455400
2012-04-12,3269.7900390625,3277.989990234375,3209.830078125,3248.219970703125,202679800
2012-04-13,3189.090087890625,3267.5400390625,3180.18994140625,3264.739990234375,189477800
2012-04-16,3205.280029296875,3246.080078125,3182.52001953125,3183.18994140625,184440000
2012-04-17,3292.510009765625,3292.510009765625,3196.469970703125,3204.739990234375,185359600
2012-04-18,3240.2900390625,3291.510009765625,3226.330078125,3277.070068359375,176188600
2012-04-19,3174.02001953125,3280.239990234375,3174.02001953125,3252.93994140625,230817200
2012-04-20,3188.580078125,3203.68994140625,3155.360107421875,3177.93994140625,215871600
2012-04-23,3098.3701171875,3157.85009765625,3088.360107421875,3157.85009765625,198135600
2012-04-24,3169.320068359375,3176.659912109375,3107.300048828125,3114.7099609375,175301400
2012-04-25,3233.4599609375,3253.56005859375,3174.02001953125,3177.219970703125,202076400
2012-04-26,3229.320068359375,3256.929931640625,3189.8798828125,3240.5400390625,251400200
2012-04-27,3266.27001953125,3282.64990234375,3172.800048828125,3195.409912109375,203374400
2012-04-30,3212.800048828125,3273.06005859375,3209.31005859375,3270.780029296875,149105600
2012-05-02,3226.330078125,3267.070068359375,3208.419921875,3265.1201171875,178449000
2012-05-03,3223.360107421875,3273.719970703125,3207.5400390625,3242.449951171875,185129400
2012-05-04,3161.969970703125,3229.419921875,3153.919921875,3210.89990234375,202082000
2012-05-07,3214.219970703125,3219.409912109375,3104.489990234375,3112.469970703125,172284600
2012-05-08,3124.800048828125,3190.179931640625,3111.110107421875,3190.179931640625,179565000
2012-05-09,3118.64990234375,3146.590087890625,3075.8798828125,3138.010009765625,192860000
2012-05-10,3130.169921875,3145.06005859375,3073.3798828125,3136.159912109375,192713200
2012-05-11,3129.77001953125,3134.6201171875,3077.409912109375,3107.60009765625,168826000
2012-05-14,3057.989990234375,3098.159912109375,3038.969970703125,3093.360107421875,168076400
2012-05-15,3039.27001953125,3098.800048828125,3020.81005859375,3079.830078125,202779800
2012-05-16,3048.669921875,3081.739990234375,2998.030029296875,3017.419921875,216215400
2012-05-17,3011.989990234375,3059.22998046875,3002.679931640625,3054.580078125,147999600
2012-05-18,3008.0,3031.830078125,2970.10009765625,2980.860107421875,201902000
2012-05-21,3027.14990234375,3043.429931640625,2984.719970703125,2997.18994140625,156823200
2012-05-22,3084.090087890625,3093.919921875,3032.0,3051.610107421875,191600800
2012-05-23,3003.27001953125,3053.739990234375,2994.14990234375,3050.199951171875,195900400
2012-05-24,3038.25,3053.110107421875,2987.89990234375,3028.840087890625,165411800
2012-05-25,3047.93994140625,3070.840087890625,3016.27001953125,3044.659912109375,152114600
2012-05-28,3042.969970703125,3087.760009765625,3034.090087890625,3068.340087890625,80145000
2012-05-29,3084.699951171875,3099.840087890625,3036.8798828125,3058.9599609375,144484800
2012-05-30,3015.580078125,3078.830078125,3006.280029296875,3051.25,112349000
2012-05-31,3017.010009765625,3042.75,2986.219970703125,3028.929931640625,122421200
2012-06-01,2950.469970703125,3028.300048828125,2922.260009765625,3028.300048828125,250825600
2012-06-04,2954.489990234375,2987.14990234375,2927.010009765625,2928.909912109375,145514000
2012-06-05,2986.10009765625,2997.739990234375,2957.010009765625,2972.31005859375,138917800
2012-06-06,3058.43994140625,3065.780029296875,3001.56005859375,3006.3798828125,220919200
2012-06-07,3071.159912109375,3104.739990234375,3063.449951171875,3071.409912109375,208263000
2012-06-08,3051.68994140625,3062.77001953125,3017.5,3043.81005859375,201185600
2012-06-11,3042.760009765625,3122.409912109375,3040.110107421875,3110.9599609375,223674000
2012-06-12,3046.909912109375,3069.449951171875,3015.389892578125,3044.10009765625,184617400
2012-06-13,3030.0400390625,3072.929931640625,3014.27001953125,3056.199951171875,180674400
2012-06-14,3032.449951171875,3035.8701171875,2993.7099609375,3022.39990234375,158485200
2012-06-15,3087.6201171875,3095.840087890625,3048.0400390625,3049.840087890625,286583400
2012-06-18,3066.18994140625,3129.2900390625,3054.3798828125,3120.820068359375,207724400
2012-06-19,3117.919921875,3119.590087890625,3052.64990234375,3064.199951171875,169850800
2012-06-20,3126.52001953125,3131.199951171875,3100.510009765625,3126.639892578125,145760000
2012-06-21,3114.219970703125,3153.280029296875,3099.739990234375,3111.030029296875,171797000
2012-06-22,3090.89990234375,3113.760009765625,3075.139892578125,3090.409912109375,139216800
2012-06-25,3021.639892578125,3075.010009765625,3007.090087890625,3072.610107421875,153082200
2012-06-26,3012.7099609375,3035.989990234375,3003.840087890625,3027.139892578125,139410000
2012-06-27,3063.1201171875,3063.1201171875,3010.14990234375,3022.260009765625,143068400
2012-06-28,3051.679931640625,3071.159912109375,3021.070068359375,3065.9599609375,152627000
2012-06-29,3196.64990234375,3196.64990234375,3112.2900390625,3138.550048828125,233703600
2012-07-02,3240.199951171875,3251.860107421875,3191.179931640625,3197.0400390625,214002000
2012-07-03,3271.199951171875,3271.199951171875,3241.929931640625,3243.530029296875,148291200
2012-07-04,3267.75,3267.75,3245.419921875,3263.570068359375,101865600
2012-07-05,3229.360107421875,3288.510009765625,3209.64990234375,3262.639892578125,176320200
2012-07-06,3168.7900390625,3227.06005859375,3168.7900390625,3214.050048828125,159133600
2012-07-09,3156.800048828125,3175.989990234375,3139.050048828125,3167.280029296875,128499200
2012-07-10,3175.409912109375,3204.6201171875,3152.27001953125,3166.590087890625,141532600
2012-07-11,3157.25,3176.830078125,3144.929931640625,3154.9599609375,125155800
2012-07-12,3135.179931640625,3159.47998046875,3118.47998046875,3144.02001953125,150126800
2012-07-13,3180.81005859375,3181.47998046875,3137.050048828125,3148.340087890625,150635200
2012-07-16,3179.89990234375,3183.260009765625,3155.6298828125,3176.27001953125,121651800
2012-07-17,3176.969970703125,3203.389892578125,3166.760009765625,3187.449951171875,237617000
2012-07-18,3235.39990234375,3235.39990234375,3192.429931640625,3195.239990234375,168883200
2012-07-19,3263.639892578125,3267.75,3237.60009765625,3246.68994140625,210156600
2012-07-20,3193.889892578125,3261.780029296875,3192.68994140625,3258.590087890625,219491400
2012-07-23,3101.530029296875,3162.97998046875,3087.360107421875,3159.679931640625,204753200
2012-07-24,3074.679931640625,3119.75,3074.679931640625,3114.090087890625,152292600
2012-07-25,3081.739990234375,3113.06005859375,3065.469970703125,3066.919921875,152737000
2012-07-26,3207.1201171875,3207.1201171875,3071.800048828125,3094.909912109375,271658800
2012-07-27,3280.18994140625,3280.18994140625,3193.719970703125,3224.97998046875,221471800
2012-07-30,3320.7099609375,3330.68994140625,3288.75,3299.31005859375,176840200
2012-07-31,3291.659912109375,3334.820068359375,3291.659912109375,3318.840087890625,166607200
2012-08-01,3321.56005859375,3328.5,3296.6201171875,3298.699951171875,133694800
2012-08-02,3232.4599609375,3374.840087890625,3232.4599609375,3315.75,264425000
2012-08-03,3374.18994140625,3374.18994140625,3238.39990234375,3244.60009765625,178642800
2012-08-06,3401.56005859375,3416.31005859375,3358.199951171875,3365.3701171875,143402200
2012-08-07,3453.280029296875,3453.280029296875,3398.590087890625,3400.3701171875,171331800
2012-08-08,3438.260009765625,3452.489990234375,3420.820068359375,3439.1201171875,131818400
2012-08-09,3456.7099609375,3464.2900390625,3421.60009765625,3454.25,121509600
2012-08-10,3435.6201171875,3442.239990234375,3413.510009765625,3438.030029296875,114694000
2012-08-13,3426.409912109375,3453.570068359375,3410.93994140625,3429.530029296875,88928400
2012-08-14,3450.27001953125,3459.260009765625,3432.14990234375,3444.330078125,90552800
2012-08-15,3449.199951171875,3463.030029296875,3424.340087890625,3436.300048828125,61739600
2012-08-16,3480.489990234375,3480.489990234375,3438.169921875,3459.780029296875,109118400
2012-08-17,3488.3798828125,3501.909912109375,3475.389892578125,3491.60009765625,144554400
2012-08-20,3480.580078125,3505.60009765625,3458.929931640625,3484.469970703125,114608000
2012-08-21,3513.280029296875,3523.85009765625,3491.56005859375,3491.56005859375,107936200
2012-08-22,3461.64990234375,3500.5400390625,3461.64990234375,3484.530029296875,99352000
2012-08-23,3432.56005859375,3495.800048828125,3415.35009765625,3485.949951171875,112876400
2012-08-24,3433.2099609375,3442.330078125,3396.81005859375,3432.10009765625,107574600
2012-08-27,3462.830078125,3462.830078125,3414.68994140625,3422.550048828125,79701800
2012-08-28,3431.550048828125,3455.659912109375,3421.050048828125,3440.0,85575000
2012-08-29,3413.889892578125,3434.1201171875,3403.419921875,3427.39990234375,98265400
2012-08-30,3379.110107421875,3414.0400390625,3372.159912109375,3405.1298828125,121919400
2012-08-31,3413.070068359375,3433.780029296875,3371.739990234375,3377.889892578125,159808000
2012-09-03,3453.7099609375,3453.7099609375,3394.030029296875,3401.9599609375,77359400
2012-09-04,3399.0400390625,3458.56005859375,3397.7900390625,3458.56005859375,90892600
2012-09-05,3405.7900390625,3426.389892578125,3372.800048828125,3399.22998046875,137866600
2012-09-06,3509.8798828125,3509.8798828125,3411.510009765625,3412.8798828125,214895200
2012-09-07,3519.050048828125,3561.909912109375,3515.22998046875,3519.64990234375,242138600
2012-09-10,3506.050048828125,3528.02001953125,3503.47998046875,3513.659912109375,139082000
2012-09-11,3537.300048828125,3537.43994140625,3477.3701171875,3492.1298828125,144834400
2012-09-12,3543.7900390625,3575.409912109375,3525.8798828125,3546.18994140625,212529600
2012-09-13,3502.090087890625,3540.929931640625,3494.110107421875,3540.919921875,155258400
2012-09-14,3581.580078125,3588.02001953125,3555.669921875,3573.300048828125,230404600
2012-09-17,3553.68994140625,3573.97998046875,3552.6298828125,3558.570068359375,142076400
2012-09-18,3512.68994140625,3538.449951171875,3500.340087890625,3533.77001953125,167406800
2012-09-19,3531.820068359375,3540.320068359375,3503.72998046875,3528.669921875,155636400
2012-09-20,3509.919921875,3520.93994140625,3486.360107421875,3501.010009765625,137676200
2012-09-21,3530.719970703125,3540.8798828125,3504.610107421875,3528.4599609375,234806800
2012-09-24,3497.219970703125,3514.070068359375,3483.5400390625,3501.340087890625,106334400
2012-09-25,3513.81005859375,3520.2900390625,3474.090087890625,3490.159912109375,122937000
2012-09-26,3414.840087890625,3472.7099609375,3414.840087890625,3471.739990234375,163388200
2012-09-27,3439.320068359375,3447.4599609375,3421.31005859375,3437.409912109375,114155800
2012-09-28,3354.820068359375,3459.580078125,3354.820068359375,3457.4599609375,157124800
2012-10-01,3434.97998046875,3438.929931640625,3348.070068359375,3348.070068359375,161579200
2012-10-02,3414.22998046875,3450.800048828125,3392.3701171875,3411.25,137533200
2012-10-03,3406.02001953125,3420.739990234375,3387.949951171875,3396.7900390625,118791200
2012-10-04,3401.199951171875,3432.43994140625,3387.47998046875,3422.110107421875,111079600
2012-10-05,3457.0400390625,3461.840087890625,3410.39990234375,3410.39990234375,143091000
2012-10-08,3406.530029296875,3429.860107421875,3404.969970703125,3429.320068359375,123548600
2012-10-09,3382.780029296875,3427.419921875,3377.919921875,3420.22998046875,185969000
2012-10-10,3365.8701171875,3387.3798828125,3365.8701171875,3370.919921875,140022200
2012-10-11,3413.719970703125,3423.97998046875,3351.43994140625,3352.85009765625,141013400
2012-10-12,3389.080078125,3419.0,3389.080078125,3401.260009765625,173790200
2012-10-15,3420.280029296875,3439.52001953125,3387.760009765625,3387.760009765625,125729400
2012-10-16,3500.93994140625,3500.93994140625,3428.969970703125,3443.60009765625,163753600
2012-10-17,3527.5,3530.7900390625,3494.35009765625,3503.820068359375,229314400
2012-10-18,3535.179931640625,3542.580078125,3508.39990234375,3527.760009765625,184827000
2012-10-19,3504.56005859375,3537.919921875,3496.760009765625,3527.7900390625,219409800
2012-10-22,3483.25,3519.050048828125,3475.820068359375,3498.3798828125,134746600
2012-10-23,3406.5,3492.02001953125,3391.300048828125,3485.93994140625,161423000
2012-10-24,3426.489990234375,3433.760009765625,3388.7099609375,3421.830078125,123443600
2012-10-25,3411.530029296875,3457.300048828125,3408.929931640625,3427.830078125,132274000
2012-10-26,3435.090087890625,3446.739990234375,3382.360107421875,3384.679931640625,141176000
2012-10-29,3408.889892578125,3421.340087890625,3394.889892578125,3419.3798828125,101421800
2012-10-30,3459.43994140625,3461.969970703125,3414.7099609375,3414.7099609375,79154400
2012-10-31,3429.27001953125,3484.780029296875,3429.27001953125,3459.340087890625,118320800
2012-11-01,3475.39990234375,3484.169921875,3413.68994140625,3420.47998046875,112130000
2012-11-02,3492.4599609375,3502.639892578125,3457.929931640625,3480.6298828125,164708800
2012-11-05,3448.5,3473.570068359375,3448.5,3469.89990234375,103696800
2012-11-06,3478.659912109375,3480.5,3446.7099609375,3455.830078125,100138600
2012-11-07,3409.590087890625,3515.8701171875,3409.590087890625,3513.419921875,186738000
2012-11-08,3407.679931640625,3440.77001953125,3400.239990234375,3433.800048828125,194507600
2012-11-09,3423.570068359375,3432.93994140625,3374.080078125,3410.97998046875,196468200
2012-11-12,3411.64990234375,3428.5,3403.969970703125,3424.550048828125,105320800
2012-11-13,3430.60009765625,3434.27001953125,3374.10009765625,3391.570068359375,134343200
2012-11-14,3400.02001953125,3436.260009765625,3394.72998046875,3424.679931640625,142418200
2012-11-15,3382.39990234375,3400.52001953125,3374.469970703125,3379.320068359375,137885400
2012-11-16,3341.52001953125,3392.530029296875,3341.52001953125,3379.52001953125,164486000
2012-11-19,3439.580078125,3444.090087890625,3369.530029296875,3375.419921875,124613000
2012-11-20,3462.06005859375,3463.77001953125,3415.659912109375,3424.7099609375,108347200
2012-11-21,3477.360107421875,3483.989990234375,3444.550048828125,3454.010009765625,106637800
2012-11-22,3498.219970703125,3499.6201171875,3480.989990234375,3489.080078125,125237600
2012-11-23,3528.800048828125,3528.800048828125,3481.64990234375,3505.35009765625,187965800
2012-11-26,3500.93994140625,3522.02001953125,3494.27001953125,3513.93994140625,107463200
2012-11-27,3502.1298828125,3530.7900390625,3491.06005859375,3521.169921875,118886400
2012-11-28,3515.18994140625,3519.719970703125,3479.159912109375,3489.530029296875,111925800
2012-11-29,3568.8798828125,3568.93994140625,3532.77001953125,3536.800048828125,136953400
2012-11-30,3557.280029296875,3584.72998046875,3557.280029296875,3568.050048828125,261395000
2012-12-03,3566.590087890625,3603.050048828125,3563.2900390625,3567.89990234375,122978400
2012-12-04,3580.47998046875,3596.89990234375,3563.02001953125,3563.030029296875,148535400
2012-12-05,3590.5,3607.10009765625,3575.10009765625,3602.2099609375,126952800
2012-12-06,3601.64990234375,3621.449951171875,3585.330078125,3598.1298828125,157769800
2012-12-07,3605.610107421875,3622.360107421875,3590.1201171875,3606.760009765625,120629200
2012-12-10,3612.10009765625,3614.4599609375,3575.530029296875,3587.320068359375,106222200
2012-12-11,3646.14990234375,3648.929931640625,3609.0,3618.969970703125,116762600
2012-12-12,3646.659912109375,3652.0400390625,3636.02001953125,3646.419921875,101235800
2012-12-13,3643.1298828125,3659.10009765625,3633.35009765625,3654.219970703125,105850400
2012-12-14,3643.280029296875,3652.9599609375,3631.8798828125,3643.699951171875,182944400
2012-12-17,3638.10009765625,3639.8701171875,3611.1201171875,3633.169921875,136648200
2012-12-18,3648.6298828125,3656.469970703125,3631.610107421875,3650.25,189095600
2012-12-19,3664.590087890625,3670.199951171875,3650.5,3661.6298828125,155859400
2012-12-20,3666.72998046875,3674.570068359375,3652.080078125,3652.409912109375,156365400
2012-12-21,3661.39990234375,3667.02001953125,3637.889892578125,3650.25,274258800
2012-12-27,3674.260009765625,3684.159912109375,3652.449951171875,3652.449951171875,55635000
2012-12-28,3620.25,3680.110107421875,3618.669921875,3677.0,49791000
2013-01-02,3733.929931640625,3733.929931640625,3692.89990234375,3702.659912109375,90342600
2013-01-03,3721.169921875,3726.969970703125,3703.830078125,3724.300048828125,58745000
2013-01-04,3730.02001953125,3731.1298828125,3696.5400390625,3713.320068359375,64316800
2013-01-07,3704.639892578125,3732.64990234375,3696.510009765625,3731.489990234375,82577200
2013-01-08,3705.8798828125,3731.239990234375,3692.89990234375,3694.2099609375,90902400
2013-01-09,3717.449951171875,3730.050048828125,3703.530029296875,3722.090087890625,130148400
2013-01-10,3703.1201171875,3727.35009765625,3694.070068359375,3716.080078125,140769400
2013-01-11,3706.02001953125,3714.449951171875,3683.820068359375,3708.8798828125,83582800
2013-01-14,3708.25,3730.0400390625,3704.169921875,3721.6298828125,29746400
2013-01-15,3697.35009765625,3718.300048828125,3689.340087890625,3697.2099609375,103642200
2013-01-16,3708.489990234375,3715.14990234375,3680.610107421875,3694.429931640625,90940200
2013-01-17,3744.110107421875,3754.169921875,3705.0400390625,3709.1201171875,97595600
2013-01-18,3741.580078125,3760.949951171875,3735.7099609375,3758.3798828125,100071000
2013-01-21,3763.030029296875,3763.419921875,3739.449951171875,3747.580078125,57381200
2013-01-22,3741.010009765625,3762.929931640625,3724.530029296875,3759.0,98266200
2013-01-23,3726.169921875,3751.909912109375,3714.340087890625,3743.469970703125,96342200
2013-01-24,3752.169921875,3752.419921875,3711.550048828125,3723.030029296875,79562200
2013-01-25,3778.159912109375,3782.60009765625,3745.02001953125,3745.81005859375,100132000
2013-01-28,3780.889892578125,3789.1201171875,3771.110107421875,3784.580078125,83043200
2013-01-29,3785.820068359375,3789.919921875,3762.85009765625,3780.199951171875,84269800
2013-01-30,3765.52001953125,3793.260009765625,3759.260009765625,3787.330078125,96926400
2013-01-31,3732.60009765625,3761.219970703125,3725.679931640625,3755.110107421875,121568600
2013-02-01,3773.530029296875,3786.25,3731.719970703125,3734.659912109375,108402400
2013-02-04,3659.909912109375,3778.360107421875,3659.909912109375,3778.360107421875,126058600
2013-02-05,3694.699951171875,3710.81005859375,3654.219970703125,3654.219970703125,90120000
2013-02-06,3642.89990234375,3706.97998046875,3624.030029296875,3695.27001953125,130229600
2013-02-07,3601.050048828125,3659.969970703125,3601.050048828125,3638.93994140625,102633000
2013-02-08,3649.5,3653.56005859375,3608.110107421875,3614.9599609375,98615600
2013-02-11,3650.580078125,3676.429931640625,3634.820068359375,3660.280029296875,69192400
2013-02-12,3686.580078125,3686.580078125,3639.530029296875,3645.27001953125,88558400
2013-02-13,3698.530029296875,3709.389892578125,3673.139892578125,3692.469970703125,89567200
2013-02-14,3669.60009765625,3710.090087890625,3657.659912109375,3691.5,112155000
2013-02-15,3660.3701171875,3694.72998046875,3659.239990234375,3665.780029296875,103652600
2013-02-18,3667.0400390625,3669.35009765625,3640.830078125,3655.530029296875,65821000
2013-02-19,3735.820068359375,3740.489990234375,3661.1298828125,3662.1201171875,100742000
2013-02-20,3709.8798828125,3743.64990234375,3701.75,3734.1298828125,119456600
2013-02-21,3624.800048828125,3688.050048828125,3623.169921875,3687.280029296875,142011800
2013-02-22,3706.280029296875,3706.780029296875,3644.550048828125,3645.719970703125,107975400
2013-02-25,3721.330078125,3787.530029296875,3704.929931640625,3721.10009765625,133442600
2013-02-26,3621.919921875,3667.6201171875,3600.81005859375,3610.06005859375,162457200
2013-02-27,3691.489990234375,3693.169921875,3619.469970703125,3641.89990234375,125396600
2013-02-28,3723.0,3728.1201171875,3685.06005859375,3711.719970703125,124268000
2013-03-01,3699.909912109375,3731.699951171875,3661.2099609375,3712.419921875,106514200
2013-03-04,3709.760009765625,3723.679931640625,3673.030029296875,3680.580078125,98922400
2013-03-05,3787.18994140625,3793.239990234375,3736.909912109375,3737.81005859375,112332600
2013-03-06,3773.760009765625,3809.0,3769.93994140625,3791.5400390625,90551200
2013-03-07,3793.780029296875,3802.179931640625,3779.820068359375,3783.0400390625,88515400
2013-03-08,3840.14990234375,3849.8701171875,3813.080078125,3813.699951171875,110423000
2013-03-11,3836.27001953125,3837.7900390625,3817.919921875,3830.68994140625,73777000
2013-03-12,3839.969970703125,3855.070068359375,3822.949951171875,3824.110107421875,84350200
2013-03-13,3836.0400390625,3839.989990234375,3817.56005859375,3834.43994140625,83695200
2013-03-14,3871.580078125,3871.580078125,3849.68994140625,3855.300048828125,119993400
2013-03-15,3844.030029296875,3869.139892578125,3829.72998046875,3867.090087890625,198658000
2013-03-18,3825.469970703125,3832.02001953125,3761.219970703125,3768.070068359375,122589000
2013-03-19,3775.75,3819.3701171875,3763.989990234375,3813.3701171875,126794800
2013-03-20,3829.56005859375,3834.8798828125,3785.81005859375,3798.1201171875,105949800
2013-03-21,3774.85009765625,3822.64990234375,3756.580078125,3821.43994140625,103805600
2013-03-22,3770.2900390625,3790.919921875,3750.050048828125,3766.239990234375,95914400
2013-03-25,3727.97998046875,3837.02001953125,3719.43994140625,3823.8798828125,131724200
2013-03-26,3748.639892578125,3765.010009765625,3732.139892578125,3735.320068359375,108932200
2013-03-27,3711.639892578125,3765.760009765625,3669.169921875,3763.02001953125,140480800
2013-03-28,3731.419921875,3751.14990234375,3695.090087890625,3710.919921875,109480800
2013-04-02,3805.3701171875,3810.179931640625,3729.280029296875,3729.820068359375,129183200
2013-04-03,3754.9599609375,3806.300048828125,3752.7099609375,3789.580078125,113307000
2013-04-04,3726.159912109375,3794.719970703125,3719.199951171875,3767.8798828125,124703400
2013-04-05,3663.47998046875,3735.679931640625,3638.830078125,3727.6298828125,127796600
2013-04-08,3666.780029296875,3694.27001953125,3663.159912109375,3677.2099609375,79621800
2013-04-09,3670.719970703125,3701.929931640625,3655.919921875,3688.22998046875,97491000
2013-04-10,3743.7099609375,3750.169921875,3685.280029296875,3685.280029296875,125566400
2013-04-11,3775.659912109375,3788.860107421875,3736.530029296875,3739.89990234375,101183000
2013-04-12,3729.300048828125,3773.639892578125,3718.110107421875,3765.64990234375,100063800
2013-04-15,3710.47998046875,3747.669921875,3684.85009765625,3728.68994140625,103653000
2013-04-16,3685.7900390625,3721.9599609375,3676.449951171875,3694.659912109375,107304000
2013-04-17,3599.22998046875,3711.469970703125,3591.320068359375,3707.050048828125,156357600
2013-04-18,3599.360107421875,3636.8798828125,3584.3798828125,3617.030029296875,132881000
2013-04-19,3651.9599609375,3657.97998046875,3613.969970703125,3633.330078125,121170000
2013-04-22,3652.1298828125,3681.949951171875,3631.580078125,3673.47998046875,88581400
2013-04-23,3783.050048828125,3783.050048828125,3655.070068359375,3655.64990234375,151079000
2013-04-24,3842.93994140625,3849.0400390625,3782.56005859375,3786.449951171875,141670400
2013-04-25,3840.469970703125,3854.409912109375,3825.610107421875,3835.25,98405200
2013-04-26,3810.050048828125,3828.139892578125,3788.469970703125,3821.989990234375,92558000
2013-04-29,3868.679931640625,3870.18994140625,3827.929931640625,3828.93994140625,86171400
2013-04-30,3856.75,3886.449951171875,3843.3701171875,3883.0,101008600
2013-05-02,3858.760009765625,3888.97998046875,3819.0400390625,3828.6201171875,118408600
2013-05-03,3912.949951171875,3914.510009765625,3848.330078125,3873.949951171875,109438000
2013-05-06,3907.0400390625,3915.590087890625,3897.72998046875,3909.489990234375,47146400
2013-05-07,3921.320068359375,3940.580078125,3904.89990234375,3915.3798828125,105486400
2013-05-08,3956.280029296875,3957.06005859375,3919.18994140625,3924.0,85164600
2013-05-09,3928.580078125,3941.81005859375,3909.0,3927.1201171875,64145400
2013-05-10,3953.830078125,3971.919921875,3930.360107421875,3932.429931640625,94890400
2013-05-13,3945.199951171875,3961.659912109375,3933.320068359375,3948.330078125,75023600
2013-05-14,3966.06005859375,3966.06005859375,3922.199951171875,3949.89990234375,89435600
2013-05-15,3982.22998046875,3983.050048828125,3950.570068359375,3959.0400390625,93773200
2013-05-16,3979.070068359375,3984.280029296875,3957.77001953125,3967.699951171875,93967400
2013-05-17,4001.27001953125,4018.840087890625,3962.31005859375,3968.409912109375,148916000
2013-05-20,4022.85009765625,4022.85009765625,3993.1201171875,4005.7900390625,61728800
2013-05-21,4036.179931640625,4036.179931640625,3991.3798828125,4009.840087890625,87155000
2013-05-22,4051.110107421875,4058.72998046875,4009.260009765625,4036.489990234375,92980000
2013-05-23,3967.14990234375,3983.719970703125,3940.2900390625,3955.97998046875,127183600
2013-05-24,3956.7900390625,3997.1298828125,3942.06005859375,3982.260009765625,60558800
2013-05-27,3995.159912109375,3998.050048828125,3976.409912109375,3979.14990234375,39186400
2013-05-28,4050.56005859375,4072.239990234375,4004.27001953125,4005.830078125,99488800
2013-05-29,3974.1201171875,4028.77001953125,3970.4599609375,4024.760009765625,91563600
2013-05-30,3996.31005859375,4018.969970703125,3963.68994140625,3964.5,84607200
2013-05-31,3948.590087890625,3995.7900390625,3938.18994140625,3992.35009765625,133511800
2013-06-03,3920.669921875,3979.530029296875,3889.43994140625,3929.679931640625,93646600
2013-06-04,3925.830078125,3962.419921875,3919.669921875,3950.0,75275800
2013-06-05,3852.43994140625,3915.7099609375,3852.43994140625,3903.590087890625,98550400
2013-06-06,3814.280029296875,3877.9599609375,3814.280029296875,3861.239990234375,92674800
2013-06-07,3872.590087890625,3889.550048828125,3800.85009765625,3821.070068359375,102233400
2013-06-10,3864.360107421875,3884.639892578125,3853.8798828125,3864.080078125,67885400
2013-06-11,3810.56005859375,3849.360107421875,3780.389892578125,3847.0,106952600
2013-06-12,3793.699951171875,3835.489990234375,3791.7099609375,3805.14990234375,82900600
2013-06-13,3797.97998046875,3804.25,3731.840087890625,3747.64990234375,104036400
2013-06-14,3805.159912109375,3830.68994140625,3793.5,3823.199951171875,77729800
2013-06-17,3863.659912109375,3882.8798828125,3814.610107421875,3815.43994140625,88895600
2013-06-18,3860.550048828125,3870.8701171875,3837.0400390625,3848.97998046875,75693000
2013-06-19,3839.340087890625,3868.39990234375,3823.64990234375,3866.14990234375,84862200
2013-06-20,3698.929931640625,3783.199951171875,3696.449951171875,3778.330078125,143397400
2013-06-21,3658.0400390625,3744.25,3658.0400390625,3718.929931640625,170441400
2013-06-24,3595.6298828125,3668.110107421875,3575.169921875,3652.52001953125,133725200
2013-06-25,3649.820068359375,3655.6201171875,3618.580078125,3642.570068359375,105236600
2013-06-26,3726.0400390625,3730.68994140625,3637.72998046875,3655.389892578125,109058400
2013-06-27,3762.18994140625,3780.56005859375,3704.179931640625,3722.409912109375,97420600
2013-06-28,3738.909912109375,3775.340087890625,3723.659912109375,3767.489990234375,118744800
2013-07-01,3767.47998046875,3786.409912109375,3724.530029296875,3761.570068359375,88607000
2013-07-02,3742.570068359375,3776.409912109375,3731.030029296875,3776.199951171875,77200400
2013-07-03,3702.010009765625,3708.909912109375,3668.77001953125,3708.2900390625,105048400
2013-07-04,3809.31005859375,3809.820068359375,3722.7900390625,3733.780029296875,111232600
2013-07-05,3753.85009765625,3837.389892578125,3753.85009765625,3811.169921875,98157600
2013-07-08,3823.830078125,3842.510009765625,3781.510009765625,3782.1201171875,76401000
2013-07-09,3843.56005859375,3858.5400390625,3832.159912109375,3840.659912109375,89875000
2013-07-10,3840.530029296875,3855.18994140625,3812.030029296875,3841.0400390625,73308600
2013-07-11,3868.97998046875,3888.18994140625,3855.050048828125,3885.43994140625,92621400
2013-07-12,3855.090087890625,3886.080078125,3844.8798828125,3878.6201171875,72635000
2013-07-15,3878.580078125,3893.260009765625,3862.840087890625,3867.080078125,55995800
2013-07-16,3851.030029296875,3884.639892578125,3846.820068359375,3883.469970703125,65496000
2013-07-17,3872.02001953125,3883.090087890625,3821.550048828125,3858.530029296875,76429400
2013-07-18,3927.7900390625,3927.7900390625,3858.570068359375,3864.06005859375,91194000
2013-07-19,3925.320068359375,3925.320068359375,3900.10009765625,3914.760009765625,89217600
2013-07-22,3939.919921875,3945.97998046875,3915.81005859375,3929.18994140625,67872400
2013-07-23,3923.090087890625,3955.550048828125,3923.090087890625,3952.550048828125,93653800
2013-07-24,3962.75,3976.5,3931.239990234375,3931.239990234375,101852200
2013-07-25,3956.02001953125,3967.580078125,3920.169921875,3961.780029296875,101230000
2013-07-26,3968.840087890625,4002.35009765625,3960.52001953125,3979.949951171875,93854600
2013-07-29,3968.909912109375,3997.860107421875,3962.429931640625,3989.340087890625,89540800
2013-07-30,3986.610107421875,3998.159912109375,3966.030029296875,3983.8798828125,79142900
2013-07-31,3992.68994140625,4007.22998046875,3965.030029296875,3975.419921875,98222000
2013-08-01,4042.72998046875,4044.5,3993.75,3996.81005859375,133956900
2013-08-02,4045.64990234375,4059.6201171875,4027.760009765625,4059.239990234375,90971300
2013-08-05,4049.969970703125,4062.780029296875,4040.340087890625,4049.159912109375,75312500
2013-08-06,4032.570068359375,4064.97998046875,4013.9599609375,4050.969970703125,102019000
2013-08-07,4038.489990234375,4043.550048828125,4010.6298828125,4024.639892578125,84145300
2013-08-08,4064.320068359375,4069.719970703125,4032.989990234375,4046.43994140625,81525100
2013-08-09,4076.550048828125,4087.72998046875,4049.8701171875,4073.77001953125,87489200
2013-08-12,4071.679931640625,4088.639892578125,4048.6201171875,4080.969970703125,71797900
2013-08-13,4092.5,4092.5,4075.449951171875,4081.580078125,73464100
2013-08-14,4114.2001953125,4122.16015625,4091.580078125,4099.330078125,72401700
2013-08-15,4093.199951171875,4111.64013671875,4055.300048828125,4108.93017578125,67105100
2013-08-16,4123.89013671875,4123.89013671875,4077.52001953125,4092.77001953125,81788800
2013-08-19,4083.97998046875,4122.3798828125,4080.659912109375,4122.3798828125,63656900
2013-08-20,4028.929931640625,4067.89990234375,4005.469970703125,4067.2099609375,99059500
2013-08-21,4015.090087890625,4048.300048828125,4015.030029296875,4042.43994140625,67324800
2013-08-22,4059.1201171875,4071.72998046875,4018.25,4018.25,78639800
2013-08-23,4069.469970703125,4073.820068359375,4025.56005859375,4058.699951171875,60975400
2013-08-26,4067.1298828125,4072.780029296875,4037.969970703125,4072.780029296875,36474700
2013-08-27,3968.72998046875,4062.47998046875,3968.72998046875,4049.1298828125,108198400
2013-08-28,3960.4599609375,3976.110107421875,3934.7900390625,3955.419921875,110503100
2013-08-29,3986.35009765625,3990.27001953125,3950.739990234375,3980.60009765625,81767500
2013-08-30,3933.780029296875,3988.929931640625,3933.780029296875,3986.22998046875,93756500
2013-09-02,4006.010009765625,4014.5,3974.7900390625,3974.7900390625,67423200
2013-09-03,3974.070068359375,4015.0,3951.320068359375,4015.0,93598000
2013-09-04,3980.419921875,3987.8798828125,3927.6298828125,3981.8798828125,83843400
2013-09-05,4006.800048828125,4009.590087890625,3968.179931640625,3986.469970703125,103932100
2013-09-06,4049.18994140625,4049.18994140625,3985.77001953125,4000.5400390625,111738400
2013-09-09,4040.330078125,4047.93994140625,4022.81005859375,4046.260009765625,76420300
2013-09-10,4116.64013671875,4119.97998046875,4067.159912109375,4071.030029296875,113480600
2013-09-11,4119.10986328125,4122.52978515625,4100.89013671875,4107.2900390625,94463300
2013-09-12,4106.6298828125,4121.31982421875,4095.2099609375,4117.64013671875,115335800
2013-09-13,4114.5,4117.3798828125,4095.72998046875,4101.669921875,80926400
2013-09-16,4152.22021484375,4162.669921875,4138.33984375,4154.18994140625,92101800
2013-09-17,4145.509765625,4155.85009765625,4131.22021484375,4142.22998046875,79838200
2013-09-18,4170.39990234375,4170.39990234375,4134.43994140625,4147.4599609375,78450600
2013-09-19,4206.0400390625,4228.0,4188.72998046875,4228.0,121735400
2013-09-20,4203.66015625,4219.89990234375,4193.919921875,4194.93994140625,199054700
2013-09-23,4172.080078125,4216.919921875,4162.83984375,4207.18017578125,87034800
2013-09-24,4195.60986328125,4206.2998046875,4174.259765625,4174.85986328125,83359100
2013-09-25,4195.35009765625,4202.5400390625,4171.8798828125,4185.2001953125,82546800
2013-09-26,4186.72021484375,4202.39990234375,4170.669921875,4199.02001953125,84538000
2013-09-27,4186.77001953125,4201.2099609375,4163.7001953125,4193.169921875,74908000
2013-09-30,4143.43994140625,4150.43994140625,4120.240234375,4141.5498046875,90782800
2013-10-01,4196.60009765625,4196.60009765625,4150.0400390625,4151.919921875,81348300
2013-10-02,4158.16015625,4180.7900390625,4136.7900390625,4177.6201171875,86634500
2013-10-03,4127.97998046875,4166.919921875,4124.830078125,4158.93017578125,70162300
2013-10-04,4164.25,4176.259765625,4124.669921875,4127.33984375,73009600
2013-10-07,4165.580078125,4165.580078125,4105.669921875,4145.10986328125,70427600
2013-10-08,4133.52978515625,4172.18017578125,4133.18994140625,4160.8798828125,80755100
2013-10-09,4127.0498046875,4162.25,4113.68017578125,4127.419921875,100956600
2013-10-10,4218.10986328125,4220.6201171875,4148.419921875,4156.419921875,112910700
2013-10-11,4219.97998046875,4227.5400390625,4209.1201171875,4227.31005859375,82964500
2013-10-14,4222.9599609375,4222.9599609375,4192.58984375,4206.10009765625,68353200
2013-10-15,4256.02001953125,4261.740234375,4232.1298828125,4239.2099609375,89147800
2013-10-16,4243.72021484375,4247.5400390625,4213.39990234375,4230.52001953125,103286100
2013-10-17,4239.64013671875,4242.41015625,4204.740234375,4233.8798828125,93448900
2013-10-18,4286.02978515625,4286.02978515625,4246.89013671875,4259.81005859375,97855900
2013-10-21,4276.919921875,4286.14990234375,4267.5400390625,4285.7099609375,76389900
2013-10-22,4295.43017578125,4309.14990234375,4263.22998046875,4266.02001953125,98589500
2013-10-23,4260.66015625,4274.759765625,4249.60986328125,4272.25,111605000
2013-10-24,4275.68994140625,4281.02978515625,4259.83984375,4271.509765625,81353000
2013-10-25,4272.31005859375,4279.77001953125,4242.22021484375,4248.72998046875,85491700
2013-10-28,4251.60986328125,4288.85986328125,4236.02978515625,4287.89013671875,76895900
2013-10-29,4278.08984375,4281.47021484375,4241.81982421875,4241.81982421875,80230900
2013-10-30,4274.10986328125,4309.919921875,4264.580078125,4272.5498046875,79788000
2013-10-31,4299.89013671875,4303.81982421875,4254.89013671875,4260.7998046875,94117200
2013-11-01,4273.18994140625,4305.259765625,4266.97021484375,4302.02978515625,55272500
2013-11-04,4288.58984375,4296.06982421875,4276.81005859375,4284.830078125,60398200
2013-11-05,4253.33984375,4296.9501953125,4232.9599609375,4296.56005859375,103977800
2013-11-06,4286.93017578125,4299.8701171875,4265.43017578125,4265.43017578125,85653100
2013-11-07,4280.990234375,4356.27978515625,4269.2900390625,4282.97998046875,150594700
2013-11-08,4260.43994140625,4267.75,4211.81982421875,4254.2998046875,108454500
2013-11-11,4290.14013671875,4296.02001953125,4253.47021484375,4262.7998046875,56971900
2013-11-12,4263.77978515625,4297.93994140625,4263.77978515625,4289.02001953125,68895500
2013-11-13,4239.93994140625,4266.4501953125,4213.2099609375,4250.85986328125,86448400
2013-11-14,4283.91015625,4294.14990234375,4257.509765625,4285.85986328125,97078200
2013-11-15,4292.22998046875,4299.669921875,4271.5498046875,4281.52978515625,93037300
2013-11-18,4320.68017578125,4336.60986328125,4277.2099609375,4289.22021484375,80574600
2013-11-19,4272.2900390625,4303.35009765625,4264.330078125,4303.35009765625,69371900
2013-11-20,4268.3701171875,4290.81982421875,4248.580078125,4263.14013671875,79458700
2013-11-21,4253.89990234375,4266.06005859375,4222.31005859375,4246.8798828125,77561300
2013-11-22,4278.52978515625,4285.02978515625,4250.77978515625,4264.9599609375,75800200
2013-11-25,4301.97021484375,4307.97998046875,4290.77978515625,4298.009765625,64808400
2013-11-26,4277.56982421875,4304.8701171875,4277.56982421875,4295.990234375,81270800
2013-11-27,4293.06005859375,4303.97021484375,4276.7900390625,4286.740234375,89111400
2013-11-28,4302.419921875,4311.81005859375,4289.43017578125,4291.56005859375,49972600
2013-11-29,4295.2099609375,4310.66015625,4294.39013671875,4297.14013671875,70660600
2013-12-02,4285.81005859375,4309.31005859375,4273.419921875,4294.64990234375,72972900
2013-12-03,4172.43994140625,4277.27001953125,4172.43994140625,4275.9501953125,113870100
2013-12-04,4148.52001953125,4192.52978515625,4120.10009765625,4184.2998046875,99698600
2013-12-05,4099.91015625,4157.0498046875,4099.91015625,4140.759765625,101273400
2013-12-06,4129.3701171875,4140.68017578125,4082.139892578125,4110.85009765625,101580200
2013-12-09,4134.10009765625,4143.2998046875,4109.919921875,4143.2998046875,77073800
2013-12-10,4091.139892578125,4144.7998046875,4091.139892578125,4126.6201171875,78886900
2013-12-11,4086.860107421875,4127.97021484375,4085.6298828125,4094.1201171875,91017900
2013-12-12,4069.1201171875,4090.18994140625,4056.3701171875,4077.97998046875,84997300
2013-12-13,4059.7099609375,4085.800048828125,4053.409912109375,4069.580078125,74611100
2013-12-16,4119.8798828125,4128.97998046875,4051.25,4051.929931640625,93624600
2013-12-17,4068.639892578125,4100.759765625,4068.639892578125,4100.759765625,87590900
2013-12-18,4109.509765625,4109.509765625,4074.280029296875,4087.570068359375,88914200
2013-12-19,4154.27001953125,4184.330078125,4143.60009765625,4146.43994140625,68178600
2013-12-20,4193.77001953125,4200.31005859375,4166.52978515625,4176.89013671875,193420900
2013-12-23,4215.2900390625,4215.2900390625,4187.9501953125,4199.919921875,72498700
2013-12-24,4218.41015625,4229.68017578125,4209.419921875,4209.60986328125,18874800
2013-12-27,4277.64990234375,4279.27978515625,4237.2001953125,4245.64013671875,75689200
2013-12-30,4275.7099609375,4289.52978515625,4267.6298828125,4283.419921875,65865100
2013-12-31,4295.9501953125,4297.22998046875,4280.759765625,4280.759765625,19638000
2014-01-02,4227.27978515625,4312.58984375,4226.66015625,4307.39990234375,86282800
2014-01-03,4247.64990234375,4258.89013671875,4228.85009765625,4238.759765625,59137700
2014-01-06,4227.5400390625,4261.33984375,4221.7099609375,4242.27001953125,68734800
2014-01-07,4262.68017578125,4266.9599609375,4215.58984375,4231.5,102867800
2014-01-08,4260.9599609375,4272.06982421875,4245.56005859375,4269.4599609375,100876000
2014-01-09,4225.14013671875,4278.10986328125,4216.06982421875,4260.22021484375,137083700
2014-01-10,4250.60009765625,4269.3798828125,4233.2900390625,4246.52978515625,128366300
2014-01-13,4263.27001953125,4268.72021484375,4246.72021484375,4261.7001953125,103307900
2014-01-14,4274.2001953125,4274.2001953125,4213.56982421875,4226.68994140625,103190900
2014-01-15,4332.06982421875,4332.06982421875,4283.10986328125,4286.5498046875,116462900
2014-01-16,4319.27001953125,4334.9599609375,4312.830078125,4333.2998046875,113299100
2014-01-17,4327.5,4341.85986328125,4312.85986328125,4324.08984375,132673900
2014-01-20,4322.85986328125,4333.31982421875,4314.0498046875,4320.81005859375,75947500
2014-01-21,4323.8701171875,4351.2099609375,4317.0498046875,4326.91015625,113288700
2014-01-22,4324.97998046875,4347.02001953125,4308.06982421875,4338.41015625,95595000
2014-01-23,4280.9599609375,4339.1298828125,4266.97998046875,4318.89990234375,121891000
2014-01-24,4161.47021484375,4292.14013671875,4154.9501953125,4283.60009765625,181128600
2014-01-27,4144.56005859375,4172.27978515625,4137.9599609375,4166.27978515625,138816400
2014-01-28,4185.2900390625,4198.2001953125,4153.81982421875,4171.47998046875,124485100
2014-01-29,4156.97998046875,4245.9599609375,4106.52978515625,4220.740234375,156697700
2014-01-30,4180.02001953125,4195.5400390625,4123.66015625,4160.2099609375,110023300
2014-01-31,4165.72021484375,4194.72021484375,4098.7099609375,4194.72021484375,144400500
2014-02-03,4107.75,4184.9501953125,4104.66015625,4160.27978515625,119653500
2014-02-04,4117.4501953125,4132.2900390625,4080.60009765625,4092.139892578125,135698700
2014-02-05,4117.7900390625,4136.60986328125,4098.68994140625,4111.669921875,123523300
2014-02-06,4188.10009765625,4200.580078125,4122.75,4138.97021484375,234833600
2014-02-07,4228.18017578125,4228.89990234375,4171.68017578125,4198.77001953125,139519300
2014-02-10,4237.1298828125,4251.3798828125,4229.06982421875,4247.580078125,101803100
2014-02-11,4283.31982421875,4283.31982421875,4247.3701171875,4251.2900390625,137945000
2014-02-12,4305.5,4324.31982421875,4288.009765625,4295.7900390625,118668600
2014-02-13,4312.7998046875,4316.2900390625,4275.240234375,4292.9599609375,111612600
2014-02-14,4340.14013671875,4340.3798828125,4304.990234375,4320.14990234375,97863100
2014-02-17,4335.169921875,4352.5400390625,4330.0,4345.580078125,62954100
2014-02-18,4330.7099609375,4342.41015625,4304.66015625,4340.8701171875,91570300
2014-02-19,4341.10009765625,4352.72021484375,4312.7998046875,4321.64990234375,101227100
2014-02-20,4355.490234375,4356.64990234375,4290.47021484375,4298.10986328125,122837400
2014-02-21,4381.06005859375,4383.14990234375,4353.14990234375,4369.83984375,102371300
2014-02-24,4419.1298828125,4419.1298828125,4373.56982421875,4374.4599609375,95223800
2014-02-25,4414.5498046875,4416.16015625,4383.240234375,4406.419921875,111757500
2014-02-26,4396.91015625,4420.93994140625,4381.18994140625,4414.35986328125,113683200
2014-02-27,4396.39013671875,4408.22998046875,4354.9501953125,4400.66015625,142607100
2014-02-28,4408.080078125,4413.64990234375,4367.9599609375,4405.2001953125,120235300
2014-03-03,4290.8701171875,4346.9501953125,4288.43994140625,4338.7900390625,157761500
2014-03-04,4395.89990234375,4399.81005859375,4337.35009765625,4340.830078125,125890900
2014-03-05,4391.25,4402.1201171875,4377.64990234375,4384.60986328125,106194600
2014-03-06,4417.0400390625,4431.16015625,4402.16015625,4408.1298828125,147376000
2014-03-07,4366.419921875,4432.5,4364.2001953125,4416.16015625,157180000
2014-03-10,4370.83984375,4417.7998046875,4346.830078125,4365.490234375,129388400
2014-03-11,4349.72021484375,4386.72998046875,4343.9501953125,4384.740234375,102575400
2014-03-12,4306.259765625,4327.85009765625,4273.3798828125,4322.759765625,123684500
2014-03-13,4250.509765625,4319.64013671875,4250.509765625,4315.39013671875,112881900
2014-03-14,4216.3701171875,4236.580078125,4183.0,4220.64990234375,184194100
2014-03-17,4271.9599609375,4277.06005859375,4211.6201171875,4216.91015625,105750500
2014-03-18,4313.259765625,4341.83984375,4250.47021484375,4264.33984375,125862400
2014-03-19,4308.06005859375,4329.47998046875,4295.06005859375,4312.8701171875,102362300
2014-03-20,4327.91015625,4328.18017578125,4261.419921875,4277.1201171875,144369900
2014-03-21,4335.27978515625,4353.39013671875,4323.27001953125,4333.4501953125,181677900
2014-03-24,4276.33984375,4332.169921875,4266.97998046875,4321.990234375,130239400
2014-03-25,4344.1201171875,4351.60986328125,4286.759765625,4286.759765625,115775900
2014-03-26,4385.14990234375,4398.47998046875,4353.85986328125,4358.0400390625,100125800
2014-03-27,4379.06005859375,4390.169921875,4359.2900390625,4374.93994140625,135638200
2014-03-28,4411.259765625,4411.3798828125,4388.16015625,4391.7099609375,99527500
2014-03-31,4391.5,4430.89990234375,4390.77001953125,4426.830078125,89922800
2014-04-01,4426.72021484375,4440.0400390625,4401.2900390625,4408.740234375,110908200
2014-04-02,4430.85986328125,4438.6298828125,4421.5,4429.39013671875,103632600
2014-04-03,4449.330078125,4469.83984375,4417.35009765625,4430.68017578125,98980900
2014-04-04,4484.5498046875,4496.5400390625,4447.0,4459.8701171875,113377600
2014-04-07,4436.080078125,4464.0400390625,4432.2900390625,4453.18994140625,127786600
2014-04-08,4424.830078125,4448.43017578125,4384.66015625,4443.2099609375,149398000
2014-04-09,4442.68017578125,4454.740234375,4426.39013671875,4431.35986328125,96745100
2014-04-10,4413.490234375,4466.18994140625,4408.60986328125,4456.7099609375,103990700
2014-04-11,4365.85986328125,4384.02978515625,4333.8701171875,4378.93017578125,138154100
2014-04-14,4384.56005859375,4384.56005859375,4319.27978515625,4345.6201171875,132160900
2014-04-15,4345.35009765625,4404.0400390625,4344.02978515625,4380.5,122058300
2014-04-16,4405.66015625,4405.66015625,4375.0498046875,4388.85009765625,122699300
2014-04-17,4431.81005859375,4432.64013671875,4392.06005859375,4412.41015625,120776700
2014-04-22,4484.2099609375,4488.0498046875,4443.89990234375,4451.91015625,104076000
2014-04-23,4451.080078125,4480.6201171875,4449.009765625,4479.7099609375,116615800
2014-04-24,4479.5400390625,4499.31982421875,4440.6298828125,4474.31982421875,143874900
2014-04-25,4443.6298828125,4473.47998046875,4431.3798828125,4459.169921875,95383500
2014-04-28,4460.52978515625,4477.6201171875,4444.4599609375,4455.0498046875,90359100
2014-04-29,4497.68017578125,4504.14013671875,4449.93994140625,4463.60009765625,119189200
2014-04-30,4487.39013671875,4491.2900390625,4470.75,4473.93994140625,137774800
2014-05-02,4458.169921875,4485.10009765625,4447.43994140625,4473.830078125,117261200
2014-05-05,4462.68994140625,4467.3701171875,4400.91015625,4453.52001953125,83750800
2014-05-06,4428.06982421875,4477.85986328125,4420.7099609375,4474.91015625,125181200
2014-05-07,4446.43994140625,4453.22021484375,4402.77978515625,4414.33984375,134882300
2014-05-08,4507.240234375,4507.240234375,4440.85986328125,4455.27978515625,127264600
2014-05-09,4477.27978515625,4496.669921875,4465.77001953125,4491.18017578125,155409900
2014-05-12,4493.64990234375,4495.72021484375,4463.0498046875,4467.3798828125,124775600
2014-05-13,4505.02001953125,4511.35009765625,4492.4599609375,4504.509765625,126209200
2014-05-14,4501.0400390625,4506.56005859375,4489.41015625,4505.5400390625,97814900
2014-05-15,4444.93017578125,4512.6201171875,4438.490234375,4497.1298828125,144233600
2014-05-16,4456.27978515625,4456.31005859375,4418.58984375,4446.68017578125,139689200
2014-05-19,4469.759765625,4476.41015625,4418.0498046875,4447.68017578125,115554200
2014-05-20,4452.35009765625,4473.10009765625,4445.72998046875,4459.08984375,89702000
2014-05-21,4469.02978515625,4473.27978515625,4424.68994140625,4436.10986328125,110746200
2014-05-22,4478.2099609375,4481.97998046875,4451.77978515625,4473.56005859375,97409600
2014-05-23,4493.14990234375,4495.759765625,4468.89013671875,4479.58984375,84298600
2014-05-26,4526.93017578125,4526.93017578125,4496.43017578125,4504.259765625,53064100
2014-05-27,4529.75,4536.47998046875,4511.4599609375,4516.10986328125,94160200
2014-05-28,4531.6298828125,4536.830078125,4517.8798828125,4527.1201171875,84469400
2014-05-29,4530.509765625,4533.5,4515.4599609375,4523.41015625,67042000
2014-05-30,4519.56982421875,4524.919921875,4495.7900390625,4512.56982421875,133957200
2014-06-02,4515.89013671875,4529.35009765625,4502.1201171875,4523.89990234375,121760600
2014-06-03,4503.68994140625,4516.02001953125,4499.0,4512.8798828125,97730200
2014-06-04,4501.0,4508.259765625,4470.47021484375,4494.1298828125,100369000
2014-06-05,4548.72998046875,4577.7001953125,4487.47998046875,4504.02978515625,148434000
2014-06-06,4581.1201171875,4586.68017578125,4539.52978515625,4553.31005859375,127889500
2014-06-09,4589.1201171875,4590.66015625,4570.41015625,4580.93994140625,66662900
2014-06-10,4595.0,4598.64990234375,4579.06005859375,4589.89990234375,85719200
2014-06-11,4555.10986328125,4583.64013671875,4552.6298828125,4580.72998046875,123035200
2014-06-12,4554.39990234375,4573.97998046875,4545.22021484375,4552.0,97945400
2014-06-13,4543.27978515625,4555.85986328125,4506.93017578125,4550.18994140625,99692700
2014-06-16,4510.0498046875,4540.68017578125,4509.52001953125,4523.52001953125,95236800
2014-06-17,4536.06982421875,4538.240234375,4508.4599609375,4524.25,95996300
2014-06-18,4530.3701171875,4550.93017578125,4529.52978515625,4540.10009765625,99269700
2014-06-19,4563.0400390625,4581.9501953125,4558.06982421875,4565.10986328125,130906800
2014-06-20,4541.33984375,4574.919921875,4541.33984375,4555.509765625,188834000
2014-06-23,4515.56982421875,4540.52001953125,4494.35986328125,4540.52001953125,113645600
2014-06-24,4518.33984375,4536.10986328125,4513.10009765625,4529.5400390625,95139000
2014-06-25,4460.60009765625,4496.669921875,4448.27001953125,4494.35986328125,124298200
2014-06-26,4439.6298828125,4473.43017578125,4412.18017578125,4470.77978515625,105956700
2014-06-27,4436.990234375,4461.47021484375,4426.58984375,4447.169921875,91027500
2014-06-30,4422.83984375,4457.56982421875,4407.18017578125,4443.02978515625,101095200
2014-07-01,4461.1201171875,4462.43017578125,4430.259765625,4438.77001953125,104764000
2014-07-02,4444.72021484375,4467.7900390625,4436.10986328125,4460.6201171875,131935500
2014-07-03,4489.8798828125,4490.72021484375,4437.35986328125,4446.7001953125,110971500
2014-07-04,4468.97998046875,4489.81005859375,4468.97998046875,4482.22021484375,65868000
2014-07-07,4405.759765625,4463.06005859375,4404.240234375,4453.759765625,86253100
2014-07-08,4342.52978515625,4423.77978515625,4342.5,4418.169921875,108090300
2014-07-09,4359.83984375,4362.56005859375,4329.14013671875,4353.52978515625,100385500
2014-07-10,4301.259765625,4357.77001953125,4277.580078125,4357.77001953125,133558400
2014-07-11,4316.5,4330.47998046875,4299.3701171875,4309.64990234375,96055500
2014-07-14,4350.0400390625,4355.759765625,4324.06005859375,4327.66015625,78369700
2014-07-15,4305.31005859375,4352.580078125,4303.47021484375,4344.5,101075800
2014-07-16,4369.06005859375,4374.22021484375,4322.9599609375,4322.9599609375,106369100
2014-07-17,4316.1201171875,4362.27978515625,4311.1201171875,4345.97998046875,102510700
2014-07-18,4335.31005859375,4335.31005859375,4284.419921875,4296.83984375,111179000
2014-07-21,4304.740234375,4336.7900390625,4295.35986328125,4334.6201171875,78393400
2014-07-22,4369.52001953125,4373.7001953125,4315.66015625,4323.7099609375,99480800
2014-07-23,4376.31982421875,4396.7001953125,4356.2998046875,4360.2001953125,84995400
2014-07-24,4410.64990234375,4415.2900390625,4347.759765625,4376.68994140625,109270400
2014-07-25,4330.5498046875,4395.3798828125,4317.490234375,4390.85009765625,96448300
2014-07-28,4344.77001953125,4358.47021484375,4308.259765625,4352.5,80021000
2014-07-29,4365.580078125,4389.759765625,4332.2998046875,4349.43017578125,85744300
2014-07-30,4312.2998046875,4378.7001953125,4303.66015625,4360.18017578125,117320300
2014-07-31,4246.14013671875,4337.740234375,4238.27001953125,4335.2001953125,222485200
2014-08-01,4202.77978515625,4243.06982421875,4182.02001953125,4236.35009765625,224455200
2014-08-04,4217.22021484375,4240.1201171875,4204.66015625,4222.77978515625,127194400
2014-08-05,4232.8798828125,4252.68017578125,4217.6201171875,4240.56982421875,132162200
2014-08-06,4207.14013671875,4222.759765625,4169.7998046875,4207.2001953125,137276800
2014-08-07,4149.830078125,4209.60986328125,4146.27001953125,4209.60986328125,135520200
2014-08-08,4147.81005859375,4165.259765625,4109.31005859375,4114.08984375,124099100
2014-08-11,4197.7001953125,4206.27001953125,4165.35009765625,4182.75,97124600
2014-08-12,4162.16015625,4193.14990234375,4150.89990234375,4188.0498046875,93578700
2014-08-13,4194.7900390625,4204.3798828125,4178.7900390625,4187.4599609375,96498300
2014-08-14,4205.43017578125,4217.39013671875,4166.18017578125,4176.93017578125,88592900
2014-08-15,4174.35986328125,4256.33984375,4168.080078125,4216.89990234375,110744200
2014-08-18,4230.64990234375,4241.85986328125,4211.3798828125,4227.8798828125,73943500
2014-08-19,4254.4501953125,4258.830078125,4235.27978515625,4243.830078125,65903800
2014-08-20,4240.7900390625,4254.83984375,4216.9599609375,4250.27978515625,70065700
2014-08-21,4292.93017578125,4292.93017578125,4231.66015625,4247.31982421875,89019500
2014-08-22,4252.7998046875,4291.169921875,4233.14990234375,4291.06005859375,88085100
2014-08-25,4342.10986328125,4342.10986328125,4286.60986328125,4299.5,66624700
2014-08-26,4393.41015625,4395.93994140625,4333.1201171875,4336.2900390625,102347700
2014-08-27,4395.259765625,4401.52001953125,4379.7998046875,4384.52978515625,88620000
2014-08-28,4366.0400390625,4393.580078125,4352.93017578125,4385.7099609375,110098700
2014-08-29,4381.0400390625,4393.60009765625,4337.1298828125,4380.60986328125,102400900
2014-09-01,4379.72998046875,4391.080078125,4358.259765625,4383.6201171875,71668900
2014-09-02,4378.330078125,4403.22021484375,4373.31982421875,4389.39990234375,88312100
2014-09-03,4421.8701171875,4443.52978515625,4394.06982421875,4394.66015625,119605200
2014-09-04,4494.93994140625,4509.580078125,4401.25,4409.16015625,152520000
2014-09-05,4486.490234375,4498.16015625,4470.2001953125,4492.91015625,105969500
2014-09-08,4474.93017578125,4489.02001953125,4463.7900390625,4484.39990234375,84582900
2014-09-09,4452.3701171875,4482.91015625,4446.0400390625,4465.10009765625,94413900
2014-09-10,4450.7900390625,4459.77978515625,4434.93017578125,4442.68994140625,80385100
2014-09-11,4440.89990234375,4466.14990234375,4411.06982421875,4463.0,90346100
2014-09-12,4441.7001953125,4452.31005859375,4419.43994140625,4449.68017578125,77012200
2014-09-15,4428.6298828125,4440.919921875,4418.72998046875,4425.6298828125,77011900
2014-09-16,4409.14990234375,4426.14990234375,4391.080078125,4426.14990234375,86246100
2014-09-17,4431.41015625,4444.830078125,4421.93994140625,4432.64990234375,103391900
2014-09-18,4464.7001953125,4470.47998046875,4435.66015625,4440.330078125,104375600
2014-09-19,4461.22021484375,4492.39013671875,4451.91015625,4491.5400390625,158927900
2014-09-22,4442.5498046875,4464.31005859375,4434.580078125,4446.91015625,86943400
2014-09-23,4359.35009765625,4430.77978515625,4351.2998046875,4430.2998046875,110550700
2014-09-24,4413.72021484375,4416.6298828125,4347.0498046875,4364.0,98862200
2014-09-25,4355.27978515625,4430.5,4346.7099609375,4413.64013671875,118481600
2014-09-26,4394.75,4411.990234375,4340.6298828125,4361.3701171875,96004000
2014-09-29,4358.06982421875,4401.06982421875,4334.009765625,4389.830078125,84697000
2014-09-30,4416.240234375,4435.06982421875,4369.259765625,4375.3798828125,126214700
2014-10-01,4365.27001953125,4427.759765625,4354.14013671875,4400.60986328125,150171900
2014-10-02,4242.669921875,4371.06005859375,4242.669921875,4361.830078125,168748300
2014-10-03,4281.740234375,4297.41015625,4260.6298828125,4280.22021484375,105832200
2014-10-06,4286.52001953125,4319.31005859375,4279.490234375,4317.919921875,103757200
2014-10-07,4209.14013671875,4277.41015625,4208.66015625,4277.41015625,140455300
2014-10-08,4168.1201171875,4213.10986328125,4153.68017578125,4198.02001953125,145706200
2014-10-09,4141.4501953125,4222.97998046875,4123.18017578125,4222.97998046875,191315500
2014-10-10,4073.7099609375,4125.1298828125,4065.5,4114.52001953125,213912600
2014-10-13,4078.699951171875,4104.0,4030.570068359375,4033.739990234375,136272000
2014-10-14,4088.25,4097.89990234375,4012.820068359375,4053.080078125,157157300
2014-10-15,3939.719970703125,4096.580078125,3933.159912109375,4090.47998046875,225462800
2014-10-16,3918.6201171875,3987.139892578125,3789.110107421875,3968.409912109375,304167300
2014-10-17,4033.179931640625,4040.699951171875,3916.800048828125,3934.18994140625,230358700
2014-10-20,3991.239990234375,4030.14990234375,3962.06005859375,4023.760009765625,143988900
2014-10-21,4081.239990234375,4081.72998046875,3965.4599609375,3968.7900390625,159668100
2014-10-22,4105.08984375,4110.47998046875,4064.080078125,4090.93994140625,142186700
2014-10-23,4157.68017578125,4166.4599609375,4047.320068359375,4086.02001953125,162948200
2014-10-24,4128.89990234375,4153.06982421875,4119.27001953125,4137.919921875,116217700
2014-10-27,4096.740234375,4171.52978515625,4065.929931640625,4170.83984375,126568700
2014-10-28,4112.669921875,4127.8701171875,4098.740234375,4107.56982421875,134538100
2014-10-29,4110.64013671875,4134.830078125,4106.14013671875,4126.97021484375,135705400
2014-10-30,4141.240234375,4151.10986328125,4051.860107421875,4138.080078125,248771100
2014-10-31,4233.08984375,4246.93017578125,4181.9599609375,4213.47021484375,182457000
2014-11-03,4194.02978515625,4238.4599609375,4185.41015625,4225.81005859375,123590300
2014-11-04,4130.18994140625,4208.52001953125,4118.5,4177.2001953125,142148700
2014-11-05,4208.419921875,4214.35009765625,4145.60986328125,4163.509765625,126747900
2014-11-06,4227.68017578125,4275.2998046875,4180.31982421875,4193.47998046875,163811600
2014-11-07,4189.89013671875,4239.56005859375,4161.14990234375,4238.8701171875,144094600
2014-11-10,4222.81982421875,4224.830078125,4174.97998046875,4184.18017578125,123847500
2014-11-11,4244.10009765625,4252.919921875,4223.68017578125,4227.1201171875,99662200
2014-11-12,4179.8798828125,4242.6201171875,4175.2900390625,4232.33984375,122989000
2014-11-13,4187.9501953125,4220.740234375,4153.169921875,4203.669921875,131579800
2014-11-14,4202.4599609375,4208.1298828125,4164.7900390625,4208.10986328125,109621000
2014-11-17,4226.10009765625,4239.10986328125,4166.39990234375,4169.60986328125,95508800
2014-11-18,4262.3798828125,4267.66015625,4223.31982421875,4230.41015625,101914700
2014-11-19,4266.18994140625,4289.169921875,4251.0400390625,4263.330078125,83273700
2014-11-20,4234.2099609375,4264.72998046875,4201.47021484375,4264.60986328125,110207200
2014-11-21,4347.22998046875,4356.10986328125,4240.18994140625,4245.64990234375,197869900
2014-11-24,4368.43994140625,4400.33984375,4348.830078125,4355.97021484375,117173100
2014-11-25,4382.31005859375,4403.5498046875,4361.18017578125,4369.31005859375,122591400
2014-11-26,4373.419921875,4399.41015625,4364.58984375,4382.8798828125,95096700
2014-11-27,4382.33984375,4396.2001953125,4374.580078125,4375.419921875,95289500
2014-11-28,4390.18017578125,4390.18017578125,4353.60009765625,4378.31982421875,104492600
2014-12-01,4377.330078125,4383.18994140625,4334.81005859375,4354.18994140625,95799400
2014-12-02,4388.2998046875,4422.77001953125,4373.02978515625,4396.75,101308700
2014-12-03,4391.85986328125,4405.830078125,4378.8798828125,4384.0400390625,87190000
2014-12-04,4323.89013671875,4427.740234375,4310.68994140625,4399.93994140625,144554000
2014-12-05,4419.47998046875,4422.85009765625,4359.31982421875,4366.22021484375,125876600
2014-12-08,4375.47998046875,4407.9501953125,4375.47998046875,4400.169921875,77425600
2014-12-09,4263.93994140625,4342.1201171875,4260.06982421875,4332.72998046875,149779500
2014-12-10,4227.91015625,4306.72021484375,4216.18017578125,4280.33984375,116124400
2014-12-11,4225.85986328125,4249.1201171875,4196.52978515625,4225.330078125,135257400
2014-12-12,4108.93017578125,4202.52001953125,4103.490234375,4197.47998046875,135838300
2014-12-15,4005.3798828125,4144.31005859375,4000.800048828125,4094.4599609375,149438700
2014-12-16,4093.199951171875,4094.18994140625,3926.340087890625,4027.510009765625,248244700
2014-12-17,4111.91015625,4131.81005859375,4035.300048828125,4052.22998046875,143182000
2014-12-18,4249.490234375,4249.490234375,4159.9501953125,4186.259765625,214450700
2014-12-19,4241.64990234375,4291.2001953125,4202.06982421875,4282.39013671875,214972700
2014-12-22,4254.43017578125,4295.14990234375,4239.35986328125,4255.8798828125,86938900
2014-12-23,4314.97021484375,4314.97021484375,4259.2099609375,4264.5400390625,81670200
2014-12-24,4295.85009765625,4316.39013671875,4295.02001953125,4309.75,14317600
2014-12-29,4317.93017578125,4317.93017578125,4249.9501953125,4301.66015625,74896000
2014-12-30,4245.5400390625,4296.02001953125,4245.5400390625,4293.89990234375,56575600
2014-12-31,4272.75,4275.580078125,4255.330078125,4256.169921875,18497800
2015-01-02,4252.2900390625,4311.0,4224.33984375,4294.0498046875,69809300
2015-01-05,4111.35986328125,4276.919921875,4105.4501953125,4221.990234375,137887700
2015-01-06,4083.5,4151.41015625,4076.159912109375,4129.89013671875,130814400
2015-01-07,4112.72998046875,4144.9501953125,4080.780029296875,4111.72998046875,121316600
2015-01-08,4260.18994140625,4270.10986328125,4163.6298828125,4176.16015625,154417100
2015-01-09,4179.06982421875,4272.830078125,4149.14013671875,4249.259765625,139011800
2015-01-12,4228.240234375,4252.27001953125,4165.14990234375,4196.77978515625,129743900
2015-01-13,4290.27978515625,4310.580078125,4197.81005859375,4204.77001953125,127789000
2015-01-14,4223.240234375,4302.22021484375,4207.3701171875,4227.4599609375,151689400
2015-01-15,4323.2001953125,4338.72998046875,4119.35009765625,4262.93994140625,187411300
2015-01-16,4379.6201171875,4387.22021484375,4294.759765625,4303.5498046875,174122800
2015-01-19,4394.93017578125,4423.25,4367.240234375,4388.669921875,107393400
2015-01-20,4446.02001953125,4463.509765625,4405.93994140625,4406.9599609375,141375600
2015-01-21,4484.81982421875,4484.81982421875,4406.72021484375,4455.009765625,160196600
2015-01-22,4552.7998046875,4569.5498046875,4462.169921875,4486.759765625,208073500
2015-01-23,4640.68994140625,4673.2998046875,4585.64013671875,4588.490234375,222514400
2015-01-26,4675.1298828125,4678.830078125,4616.60986328125,4620.0,127771700
2015-01-27,4624.2099609375,4679.259765625,4592.6201171875,4671.759765625,145807700
2015-01-28,4610.93994140625,4660.8798828125,4582.580078125,4660.4501953125,130618600
2015-01-29,4631.43017578125,4632.3798828125,4571.0498046875,4571.0498046875,117222200
2015-01-30,4604.25,4660.7099609375,4583.68017578125,4655.9501953125,142104300
2015-02-02,4627.669921875,4646.5498046875,4584.3701171875,4613.31005859375,123784000
2015-02-03,4677.89990234375,4701.52001953125,4645.14990234375,4651.06982421875,146301200
2015-02-04,4696.2998046875,4696.2998046875,4651.77978515625,4682.81005859375,130750800
2015-02-05,4703.2998046875,4705.10009765625,4647.85009765625,4654.56005859375,121316800
2015-02-06,4691.02978515625,4707.240234375,4675.3701171875,4698.83984375,154635000
2015-02-09,4651.080078125,4659.259765625,4611.14990234375,4652.16015625,138917900
2015-02-10,4695.64990234375,4716.490234375,4636.080078125,4663.4599609375,127662600
2015-02-11,4679.3798828125,4694.43994140625,4659.4599609375,4687.8701171875,94464200
2015-02-12,4726.2001953125,4746.75,4664.02978515625,4670.080078125,159105400
2015-02-13,4759.35986328125,4779.5400390625,4741.2001953125,4748.0400390625,161376000
2015-02-16,4751.9501953125,4766.47021484375,4747.22021484375,4757.52001953125,99362700
2015-02-17,4753.990234375,4766.669921875,4683.18994140625,4720.93017578125,109444600
2015-02-18,4799.02978515625,4806.68017578125,4775.8701171875,4782.58984375,140858300
2015-02-19,4833.27978515625,4841.68994140625,4770.169921875,4788.39990234375,128577800
2015-02-20,4830.89990234375,4837.93017578125,4780.81005859375,4821.3798828125,140055500
2015-02-23,4862.2998046875,4875.97021484375,4832.35986328125,4872.1298828125,102128000
2015-02-24,4886.43994140625,4899.52001953125,4843.9599609375,4865.68017578125,106329800
2015-02-25,4882.22021484375,4894.60009765625,4863.22021484375,4885.0,117214700
2015-02-26,4910.6201171875,4910.6201171875,4877.240234375,4884.89013671875,105228900
2015-02-27,4951.47998046875,4951.47998046875,4903.08984375,4905.77001953125,120717900
2015-03-02,4917.31982421875,4950.58984375,4900.10986328125,4937.43017578125,149942900
2015-03-03,4869.25,4936.47021484375,4863.919921875,4922.43017578125,116619800
2015-03-04,4917.35009765625,4917.35009765625,4856.14013671875,4882.93994140625,117022000
2015-03-05,4963.509765625,4974.64013671875,4926.08984375,4929.0400390625,108151700
2015-03-06,4964.35009765625,4986.8798828125,4949.8798828125,4953.68017578125,134221500
2015-03-09,4937.2001953125,4950.419921875,4917.4599609375,4940.64013671875,119543200
2015-03-10,4881.9501953125,4941.3798828125,4869.4501953125,4930.06005859375,132780600
2015-03-11,4997.75,5003.580078125,4900.330078125,4900.3701171875,144167500
2015-03-12,4987.330078125,5000.93994140625,4981.27978515625,4990.9599609375,112062500
2015-03-13,5010.4599609375,5010.7998046875,4969.47021484375,4997.93994140625,105602100
2015-03-16,5061.16015625,5071.68017578125,5019.02001953125,5019.02001953125,109124000
2015-03-17,5028.93017578125,5074.830078125,5006.93017578125,5065.6201171875,132932500
2015-03-18,5033.419921875,5041.31982421875,5001.3701171875,5032.18017578125,127395500
2015-03-19,5037.18017578125,5059.68017578125,5006.81982421875,5029.97021484375,122169000
2015-03-20,5087.490234375,5106.0400390625,5036.27001953125,5044.419921875,185669400
2015-03-23,5054.52001953125,5078.25,5036.22998046875,5078.25,112901000
2015-03-24,5088.27978515625,5103.2998046875,5032.77978515625,5040.85986328125,130680800
2015-03-25,5020.990234375,5087.2998046875,5012.8701171875,5073.27978515625,124717600
2015-03-26,5006.35009765625,5006.35009765625,4932.52978515625,4992.5498046875,161978600
2015-03-27,5034.06005859375,5048.3701171875,5003.31005859375,5020.08984375,142337500
2015-03-30,5083.52001953125,5097.58984375,5045.35986328125,5052.25,112697900
2015-03-31,5033.64013671875,5098.85986328125,5028.3798828125,5073.990234375,126492200
2015-04-01,5062.22021484375,5110.7900390625,5007.68017578125,5009.6298828125,121105100
2015-04-02,5074.14013671875,5080.52978515625,5059.419921875,5068.06005859375,77337100
2015-04-07,5151.18994140625,5166.77001953125,5096.0,5106.35986328125,111763000
2015-04-08,5136.85986328125,5168.02978515625,5128.18017578125,5146.77978515625,95958600
2015-04-09,5208.9501953125,5208.9501953125,5154.60009765625,5156.16015625,100086000
2015-04-10,5240.4599609375,5240.64990234375,5210.60986328125,5224.22021484375,120562700
2015-04-13,5254.1201171875,5262.740234375,5222.39990234375,5236.10986328125,116785400
2015-04-14,5218.06005859375,5260.77978515625,5192.89013671875,5252.47998046875,262666600
2015-04-15,5254.35009765625,5269.5,5217.0400390625,5230.97998046875,259448500
2015-04-16,5224.490234375,5255.240234375,5214.93994140625,5246.75,164371600
2015-04-17,5143.259765625,5238.91015625,5132.7099609375,5214.330078125,188551300
2015-04-20,5187.58984375,5187.58984375,5151.1201171875,5154.91015625,116468000
2015-04-21,5192.64013671875,5243.56982421875,5172.759765625,5205.10009765625,139757100
2015-04-22,5211.08984375,5225.85986328125,5146.27001953125,5210.7001953125,126766700
2015-04-23,5178.91015625,5226.169921875,5146.68017578125,5217.080078125,128135000
2015-04-24,5201.4501953125,5225.39013671875,5166.81005859375,5202.6298828125,132942200
2015-04-27,5268.91015625,5283.7099609375,5135.89013671875,5198.7900390625,128430000
2015-04-28,5173.3798828125,5256.7900390625,5138.2998046875,5256.7900390625,146716900
2015-04-29,5039.39013671875,5202.56005859375,5034.830078125,5176.669921875,149347400
2015-04-30,5046.490234375,5069.0400390625,4987.259765625,5040.509765625,207097200
2015-05-04,5081.97021484375,5112.85986328125,5013.52978515625,5060.5,110373300
2015-05-05,4974.06982421875,5133.169921875,4969.97021484375,5074.419921875,158058300
2015-05-06,4981.58984375,5013.2099609375,4936.33984375,4968.14013671875,169169600
2015-05-07,4967.22021484375,4981.990234375,4874.89990234375,4945.81982421875,186569200
2015-05-08,5090.39013671875,5094.009765625,4981.41015625,4999.47998046875,148505400
2015-05-11,5027.8701171875,5050.919921875,5008.89013671875,5050.919921875,105803700
2015-05-12,4974.64990234375,4992.919921875,4922.02001953125,4988.85009765625,130251300
2015-05-13,4961.85986328125,5045.5400390625,4944.39013671875,4996.18994140625,125480600
2015-05-14,5029.31005859375,5043.68994140625,4905.7001953125,4942.490234375,106266300
2015-05-15,4993.81982421875,5066.56982421875,4965.85986328125,5049.56005859375,118689900
2015-05-18,5012.31005859375,5026.27978515625,4932.009765625,4996.9599609375,99355700
2015-05-19,5117.2998046875,5124.5,5040.4501953125,5040.4501953125,131121300
2015-05-20,5133.2998046875,5139.06005859375,5089.43017578125,5106.259765625,92775200
2015-05-21,5146.7001953125,5148.8701171875,5104.2099609375,5120.8798828125,76471600
2015-05-22,5142.89013671875,5155.27978515625,5121.68994140625,5147.41015625,88052800
2015-05-25,5117.169921875,5139.64990234375,5099.1298828125,5139.64990234375,21000700
2015-05-26,5083.5400390625,5146.02978515625,5062.47021484375,5122.8701171875,106516600
2015-05-27,5182.52978515625,5193.77001953125,5086.35986328125,5105.85986328125,121961600
2015-05-28,5137.830078125,5164.240234375,5096.52978515625,5157.25,94177200
2015-05-29,5007.89013671875,5144.72998046875,5006.4599609375,5137.02001953125,161991900
2015-06-01,5025.2998046875,5060.490234375,4989.93994140625,5029.0498046875,97082300
2015-06-02,5004.4599609375,5051.68017578125,4960.72021484375,5051.68017578125,121140700
2015-06-03,5034.169921875,5088.14013671875,4991.27001953125,5016.3701171875,113879500
2015-06-04,4987.1298828125,5044.75,4916.4501953125,5006.18994140625,129401400
2015-06-05,4920.740234375,4966.4501953125,4894.169921875,4951.7998046875,117606600
2015-06-08,4857.66015625,4917.52001953125,4857.66015625,4906.169921875,100424300
2015-06-09,4850.22021484375,4868.419921875,4783.919921875,4849.1201171875,137312600
2015-06-10,4934.91015625,4956.740234375,4811.5400390625,4831.02978515625,125031000
2015-06-11,4971.3701171875,5022.10009765625,4917.919921875,4926.77001953125,133827300
2015-06-12,4901.18994140625,4973.06982421875,4852.35986328125,4962.22021484375,118044300
2015-06-15,4815.35986328125,4871.06982421875,4805.10009765625,4844.9501953125,106993300
2015-06-16,4839.85986328125,4857.6298828125,4748.93017578125,4778.2099609375,122656600
2015-06-17,4790.6201171875,4858.0498046875,4773.18994140625,4845.72998046875,108775800
2015-06-18,4803.47998046875,4805.009765625,4712.97021484375,4777.91015625,135723200
2015-06-19,4815.3701171875,4870.52001953125,4799.27001953125,4807.580078125,183933200
2015-06-22,4998.60986328125,5010.39013671875,4911.85986328125,4926.6298828125,170982500
2015-06-23,5057.68017578125,5078.509765625,5024.259765625,5045.56982421875,129386400
2015-06-24,5045.35009765625,5065.740234375,5001.669921875,5060.580078125,137708100
2015-06-25,5041.7099609375,5087.080078125,4996.6298828125,4996.6298828125,128574400
2015-06-26,5059.169921875,5095.0400390625,4985.8798828125,5010.22021484375,105581800
2015-06-29,4869.81982421875,4946.6201171875,4819.02978515625,4821.4501953125,171663100
2015-06-30,4790.2001953125,4892.47998046875,4789.60986328125,4849.39013671875,167742900
2015-07-01,4883.18994140625,4941.60986328125,4813.68994140625,4849.43017578125,151634100
2015-07-02,4835.56005859375,4903.509765625,4833.14013671875,4898.5498046875,100577600
2015-07-03,4808.22021484375,4847.3798828125,4780.5498046875,4836.4599609375,86776200
2015-07-06,4711.5400390625,4775.490234375,4699.169921875,4709.009765625,136187400
2015-07-07,4604.64013671875,4724.5400390625,4602.16015625,4712.6298828125,163782600
2015-07-08,4639.02001953125,4671.8701171875,4601.89990234375,4611.85986328125,144187300
2015-07-09,4757.22021484375,4777.02978515625,4655.4501953125,4667.2099609375,121520700
2015-07-10,4903.06982421875,4922.6298828125,4850.93994140625,4884.0498046875,139526500
2015-07-13,4998.10009765625,5010.580078125,4959.6201171875,4985.14013671875,124421200
2015-07-14,5032.47021484375,5032.47021484375,4981.02001953125,4995.35986328125,88560800
2015-07-15,5047.240234375,5055.60009765625,5017.830078125,5027.91015625,93627300
2015-07-16,5121.5,5147.39990234375,5067.75,5071.89990234375,123015200
2015-07-17,5124.39013671875,5138.97998046875,5110.47998046875,5138.97998046875,102644300
2015-07-20,5142.490234375,5184.740234375,5130.97021484375,5134.16015625,79072100
2015-07-21,5106.56982421875,5157.240234375,5093.77001953125,5153.85009765625,88546500
2015-07-22,5082.56982421875,5101.22021484375,5070.669921875,5070.669921875,89515800
2015-07-23,5086.740234375,5122.85009765625,5067.81982421875,5122.85009765625,76980800
2015-07-24,5057.35986328125,5120.64013671875,5051.14013671875,5075.25,104074600
2015-07-27,4927.60009765625,5033.91015625,4924.2900390625,5030.89013671875,117642300
2015-07-28,4977.31982421875,4997.14990234375,4937.64990234375,4958.4599609375,111978000
2015-07-29,5017.43994140625,5021.43994140625,4970.27978515625,5006.009765625,118376700
2015-07-30,5046.419921875,5061.52978515625,5000.97021484375,5049.240234375,145978900
2015-07-31,5082.60986328125,5083.64013671875,5035.3798828125,5063.47021484375,121244500
2015-08-03,5120.52001953125,5125.7099609375,5066.14990234375,5076.7998046875,102330900
2015-08-04,5112.14013671875,5114.6298828125,5075.8798828125,5114.6298828125,120699400
2015-08-05,5196.72998046875,5202.759765625,5134.3701171875,5135.31005859375,122479600
2015-08-06,5192.10986328125,5217.7998046875,5177.9501953125,5186.5498046875,85599700
2015-08-07,5154.75,5190.35009765625,5152.89013671875,5187.8701171875,92833800
2015-08-10,5195.41015625,5197.64990234375,5133.6298828125,5179.83984375,75338800
2015-08-11,5099.02978515625,5184.2099609375,5094.47998046875,5184.2099609375,101544800
2015-08-12,4925.43017578125,5051.72021484375,4907.330078125,5051.490234375,148968600
2015-08-13,4986.85009765625,5023.93994140625,4972.580078125,5006.009765625,95687200
2015-08-14,4956.47021484375,5017.22021484375,4940.72998046875,4987.06005859375,75630400
2015-08-17,4984.830078125,5025.7099609375,4923.009765625,4996.759765625,80693900
2015-08-18,4971.25,5000.27978515625,4956.1201171875,4972.7900390625,67103200
2015-08-19,4884.10009765625,4949.1201171875,4884.10009765625,4939.2998046875,91668100
2015-08-20,4783.5498046875,4882.10986328125,4774.8701171875,4867.4501953125,116307600
2015-08-21,4630.990234375,4775.72021484375,4630.990234375,4704.27001953125,156577700
2015-08-24,4383.4599609375,4540.1298828125,4230.490234375,4465.47998046875,323292800
2015-08-25,4564.85986328125,4596.240234375,4431.830078125,4458.08984375,221636500
2015-08-26,4501.0498046875,4582.2099609375,4430.75,4499.22998046875,156232400
2015-08-27,4658.18017578125,4686.669921875,4589.52001953125,4612.27001953125,152983100
2015-08-28,4675.1298828125,4675.1298828125,4624.10986328125,4663.97998046875,102147900
2015-08-31,4652.9501953125,4657.759765625,4608.6201171875,4636.43994140625,90060900
2015-09-01,4541.16015625,4599.22998046875,4499.490234375,4586.330078125,138326600
2015-09-02,4554.919921875,4599.759765625,4517.81005859375,4558.0,103217500
2015-09-03,4653.7900390625,4692.2998046875,4589.97998046875,4601.75,135856000
2015-09-04,4523.080078125,4611.0498046875,4500.9501953125,4607.91015625,133313100
2015-09-07,4549.64013671875,4587.58984375,4524.990234375,4563.85009765625,67094800
2015-09-08,4598.259765625,4655.080078125,4575.60986328125,4581.66015625,99964700
2015-09-09,4664.58984375,4733.0498046875,4662.8798828125,4707.41015625,111082900
2015-09-10,4596.52978515625,4665.830078125,4584.2900390625,4615.72021484375,111380500
2015-09-11,4548.72021484375,4618.58984375,4545.14013671875,4618.58984375,97934200
2015-09-14,4518.14990234375,4596.75,4513.5,4554.7099609375,100294700
2015-09-15,4569.3701171875,4591.47021484375,4502.2099609375,4529.9599609375,102194600
2015-09-16,4645.83984375,4653.33984375,4604.080078125,4610.16015625,99264400
2015-09-17,4655.14013671875,4665.990234375,4629.2001953125,4660.169921875,92433200
2015-09-18,4535.85009765625,4623.10009765625,4495.0498046875,4623.10009765625,248859900
2015-09-21,4585.5,4605.259765625,4526.27978515625,4526.27978515625,103003700
2015-09-22,4428.509765625,4582.919921875,4415.97021484375,4582.919921875,158626000
2015-09-23,4432.830078125,4488.27001953125,4400.419921875,4427.7900390625,143884400
2015-09-24,4347.240234375,4455.0498046875,4309.419921875,4434.7001953125,172337200
2015-09-25,4480.66015625,4514.419921875,4413.7099609375,4423.1201171875,134147500
2015-09-28,4357.0498046875,4470.06982421875,4337.27978515625,4452.240234375,134411100
2015-09-29,4343.72998046875,4377.22021484375,4278.56982421875,4297.18994140625,148574600
2015-09-30,4455.2900390625,4474.72021484375,4413.080078125,4433.759765625,160356000
2015-10-01,4426.5400390625,4528.16015625,4408.1201171875,4518.02978515625,149269600
2015-10-02,4458.8798828125,4518.39013671875,4386.10009765625,4472.5,143984300
2015-10-05,4616.89990234375,4631.83984375,4528.02001953125,4543.06982421875,142138000
2015-10-06,4660.64013671875,4684.7900390625,4589.2900390625,4610.43017578125,137140900
2015-10-07,4667.33984375,4730.2998046875,4654.27978515625,4680.85009765625,154754500
2015-10-08,4675.91015625,4687.18994140625,4643.919921875,4657.240234375,109749100
2015-10-09,4701.39013671875,4737.68994140625,4693.25,4723.27978515625,129585900
2015-10-12,4688.7001953125,4713.41015625,4663.33984375,4705.22021484375,96002100
2015-10-13,4643.3798828125,4667.509765625,4598.10986328125,4667.509765625,116870400
2015-10-14,4609.02978515625,4660.43017578125,4580.83984375,4608.419921875,117314200
2015-10-15,4675.2900390625,4683.75,4622.4501953125,4651.77001953125,113311300
2015-10-16,4702.7900390625,4718.91015625,4680.22021484375,4702.56005859375,108928800
2015-10-19,4704.06982421875,4744.97021484375,4684.52001953125,4697.52001953125,88461400
2015-10-20,4673.81005859375,4711.9501953125,4649.97998046875,4708.18994140625,93237900
2015-10-21,4695.10009765625,4716.56982421875,4642.93994140625,4691.3701171875,104452800
2015-10-22,4802.18017578125,4816.990234375,4670.10009765625,4675.14990234375,154484900
2015-10-23,4923.64013671875,4947.02001953125,4840.31982421875,4840.31982421875,168459100
2015-10-26,4897.1298828125,4924.240234375,4881.0498046875,4908.330078125,98118000
2015-10-27,4847.06982421875,4896.4599609375,4847.06982421875,4885.08984375,110995600
2015-10-28,4890.580078125,4907.83984375,4848.5,4857.85009765625,110846300
2015-10-29,4885.81982421875,4899.83984375,4841.39013671875,4892.8798828125,188704100
2015-10-30,4897.66015625,4909.16015625,4865.16015625,4895.02978515625,122869800
2015-11-02,4916.2099609375,4936.85009765625,4845.1201171875,4848.85986328125,113864200
2015-11-03,4936.18017578125,4936.18017578125,4895.83984375,4920.02001953125,106982700
2015-11-04,4948.2900390625,4992.97021484375,4942.080078125,4951.18994140625,141136400
2015-11-05,4980.0400390625,5008.06005859375,4935.22021484375,4967.93994140625,174743800
2015-11-06,4984.14990234375,5011.64990234375,4930.919921875,4964.8798828125,150861200
2015-11-09,4911.169921875,4983.77001953125,4906.47998046875,4978.83984375,101330800
2015-11-10,4912.16015625,4942.6201171875,4873.4501953125,4937.3701171875,112797400
2015-11-11,4952.509765625,4973.89990234375,4917.08984375,4919.10009765625,116077400
2015-11-12,4856.64990234375,4963.3798828125,4851.0400390625,4941.259765625,122599900
2015-11-13,4807.9501953125,4860.52978515625,4762.330078125,4835.68994140625,114037800
2015-11-16,4804.31005859375,4824.02001953125,4751.02978515625,4756.919921875,108609700
2015-11-17,4937.31005859375,4937.31005859375,4840.75,4850.2900390625,119347400
2015-11-18,4906.72021484375,4918.14013671875,4879.35986328125,4901.1201171875,97351700
2015-11-19,4915.10009765625,4962.4501953125,4901.06982421875,4943.89990234375,103597200
2015-11-20,4910.97021484375,4934.2900390625,4879.490234375,4929.33984375,114731300
2015-11-23,4889.1201171875,4905.330078125,4860.72998046875,4901.68017578125,96366200
2015-11-24,4820.27978515625,4865.419921875,4773.97998046875,4863.81005859375,115225800
2015-11-25,4892.990234375,4911.830078125,4821.509765625,4830.22021484375,116198900
2015-11-26,4946.02001953125,4956.080078125,4883.27001953125,4884.35009765625,93265600
2015-11-27,4930.14013671875,4961.4501953125,4908.89990234375,4919.009765625,73739100
2015-11-30,4957.60009765625,4974.35986328125,4901.2900390625,4917.14990234375,113125600
2015-12-01,4914.52978515625,4968.31005859375,4897.8701171875,4960.3798828125,127971100
2015-12-02,4905.759765625,4942.1201171875,4886.85986328125,4925.240234375,135040300
2015-12-03,4730.2099609375,4975.7099609375,4730.2099609375,4895.64013671875,204118500
2015-12-04,4714.7900390625,4740.47021484375,4670.990234375,4715.68994140625,158222700
2015-12-07,4756.41015625,4803.47998046875,4733.33984375,4746.259765625,103508000
2015-12-08,4681.85986328125,4757.2001953125,4656.56005859375,4750.419921875,145488000
2015-12-09,4637.4501953125,4714.64013671875,4619.490234375,4695.89990234375,171226800
2015-12-10,4635.06005859375,4661.0400390625,4596.33984375,4617.5400390625,139944600
2015-12-11,4549.56005859375,4630.27001953125,4527.259765625,4617.18017578125,151768100
2015-12-14,4473.06982421875,4623.16015625,4472.64990234375,4572.3701171875,154702400
2015-12-15,4614.39990234375,4626.759765625,4519.9599609375,4522.47021484375,165804900
2015-12-16,4624.669921875,4664.2001953125,4593.919921875,4621.47021484375,132766800
2015-12-17,4677.5400390625,4748.759765625,4674.580078125,4729.39990234375,148504100
2015-12-18,4625.259765625,4672.35009765625,4601.39013671875,4629.56005859375,221520200
2015-12-21,4565.169921875,4666.490234375,4565.169921875,4617.2001953125,114513000
2015-12-22,4567.60009765625,4604.7900390625,4526.85986328125,4596.5498046875,85380100
2015-12-23,4674.52978515625,4686.08984375,4614.25,4614.25,101333700
2015-12-24,4663.18017578125,4671.68017578125,4651.43994140625,4670.85986328125,16313800
2015-12-28,4617.9501953125,4669.83984375,4613.77978515625,4667.02978515625,44645300
2015-12-29,4701.35986328125,4701.35986328125,4648.7900390625,4648.7900390625,62749700
2015-12-30,4677.14013671875,4708.31982421875,4672.259765625,4690.31005859375,56083400
2016-01-04,4522.4501953125,4586.10986328125,4490.2998046875,4582.0498046875,130633900
2016-01-05,4537.6298828125,4575.4501953125,4481.7001953125,4573.5400390625,104182900
2016-01-06,4480.47021484375,4533.240234375,4440.77001953125,4528.1201171875,104877300
2016-01-07,4403.580078125,4424.14013671875,4323.5498046875,4346.10009765625,137701000
2016-01-08,4333.759765625,4437.02001953125,4333.740234375,4404.18017578125,124197200
2016-01-11,4312.740234375,4383.919921875,4312.740234375,4333.2099609375,107025000
2016-01-12,4378.75,4429.0400390625,4305.77001953125,4317.490234375,123293200
2016-01-13,4391.93994140625,4465.56005859375,4374.02001953125,4426.759765625,111469800
2016-01-14,4312.89013671875,4352.14990234375,4234.83984375,4341.35986328125,166010000
2016-01-15,4210.16015625,4319.47021484375,4178.8701171875,4305.43994140625,176801800
2016-01-18,4189.56982421875,4254.4599609375,4161.3701171875,4211.10986328125,126059700
2016-01-19,4272.259765625,4308.08984375,4251.52978515625,4267.77001953125,130260700
2016-01-20,4124.9501953125,4178.81982421875,4084.679931640625,4171.43017578125,156074200
2016-01-21,4206.39990234375,4234.64990234375,4113.580078125,4129.7001953125,166740100
2016-01-22,4336.68994140625,4371.64990234375,4280.9501953125,4293.259765625,154178800
2016-01-25,4311.330078125,4365.14990234375,4291.85986328125,4365.14990234375,119945600
2016-01-26,4356.81005859375,4366.64990234375,4224.4501953125,4238.85009765625,127614400
2016-01-27,4380.35986328125,4380.35986328125,4319.35986328125,4349.7900390625,113439600
2016-01-28,4322.16015625,4403.68017578125,4284.3798828125,4362.5498046875,145439700
2016-01-29,4417.02001953125,4417.02001953125,4340.18994140625,4386.85009765625,148804300
2016-02-01,4392.330078125,4422.60986328125,4350.08984375,4418.14013671875,106985100
2016-02-02,4283.990234375,4377.56982421875,4253.509765625,4368.919921875,127965300
2016-02-03,4226.9599609375,4294.41015625,4177.97021484375,4282.41015625,152722600
2016-02-04,4228.52978515625,4279.1201171875,4176.47998046875,4276.169921875,158951600
2016-02-05,4200.669921875,4269.47021484375,4187.97021484375,4236.06982421875,179204000
2016-02-08,4066.31005859375,4220.85009765625,4046.639892578125,4217.4501953125,165143900
2016-02-09,3997.5400390625,4091.8798828125,3951.2900390625,4072.320068359375,192219900
2016-02-10,4061.199951171875,4115.169921875,3987.489990234375,4027.080078125,154266800
2016-02-11,3896.7099609375,3998.10009765625,3892.4599609375,3990.330078125,186961400
2016-02-12,3995.06005859375,3995.06005859375,3922.7099609375,3949.159912109375,157391500
2016-02-15,4115.25,4144.81005859375,4076.81005859375,4086.2900390625,123815300
2016-02-16,4110.66015625,4157.2998046875,4086.830078125,4157.2998046875,125207000
2016-02-17,4233.47021484375,4238.330078125,4112.0400390625,4119.35009765625,154374300
2016-02-18,4239.759765625,4279.18994140625,4212.58984375,4255.06982421875,129413300
2016-02-19,4223.0400390625,4255.56982421875,4182.330078125,4232.22021484375,115689200
2016-02-22,4298.7001953125,4303.89990234375,4259.259765625,4260.6201171875,104477100
2016-02-23,4238.419921875,4301.919921875,4236.9501953125,4272.22021484375,100778200
2016-02-24,4155.33984375,4233.2998046875,4117.490234375,4232.47998046875,130494900
2016-02-25,4248.4501953125,4268.66015625,4198.08984375,4219.7998046875,130635500
2016-02-26,4314.56982421875,4352.39013671875,4292.52001953125,4297.8701171875,117629300
2016-02-29,4353.5498046875,4354.6201171875,4254.77001953125,4275.83984375,122273800
2016-03-01,4406.83984375,4406.9501953125,4328.7998046875,4343.93017578125,123159300
2016-03-02,4424.89013671875,4448.2998046875,4387.2099609375,4428.9501953125,120925400
2016-03-03,4416.080078125,4430.89990234375,4392.580078125,4430.89990234375,116721600
2016-03-04,4456.6201171875,4480.2099609375,4413.93017578125,4437.81982421875,132614700
2016-03-07,4442.2900390625,4458.81982421875,4406.89990234375,4436.3701171875,121147100
2016-03-08,4404.02001953125,4437.169921875,4363.5498046875,4405.16015625,109238900
2016-03-09,4425.64990234375,4458.77001953125,4397.97998046875,4405.9501953125,116109800
2016-03-10,4350.35009765625,4580.97021484375,4350.35009765625,4432.56005859375,175255300
2016-03-11,4492.7900390625,4492.7900390625,4421.9501953125,4430.240234375,149823700
2016-03-14,4506.58984375,4535.91015625,4494.60009765625,4501.81005859375,125097000
2016-03-15,4472.6298828125,4488.77978515625,4450.16015625,4474.259765625,115811100
2016-03-16,4463.0,4502.9599609375,4446.990234375,4486.7001953125,105409600
2016-03-17,4442.89013671875,4501.68017578125,4367.43994140625,4501.68017578125,149291500
2016-03-18,4462.509765625,4472.72998046875,4418.490234375,4452.0400390625,259017000
2016-03-21,4427.7998046875,4481.10986328125,4415.93017578125,4425.83984375,90434900
2016-03-22,4431.97021484375,4431.97021484375,4358.56982421875,4396.8701171875,113288300
2016-03-23,4423.97998046875,4467.85986328125,4396.10009765625,4442.58984375,97919500
2016-03-24,4329.68017578125,4392.81005859375,4323.18017578125,4390.10986328125,109844400
2016-03-29,4366.669921875,4382.97998046875,4333.330078125,4354.02978515625,80842200
2016-03-30,4444.419921875,4466.5,4387.35986328125,4387.35986328125,100793300
2016-03-31,4385.06005859375,4419.6201171875,4378.77001953125,4416.83984375,110982200
2016-04-01,4322.240234375,4331.27978515625,4261.25,4331.27978515625,139045500
2016-04-04,4345.22021484375,4378.0498046875,4280.89990234375,4311.18994140625,106194400
2016-04-05,4250.27978515625,4285.72998046875,4241.60986328125,4283.14013671875,131198900
2016-04-06,4284.64013671875,4284.64013671875,4243.02001953125,4262.2998046875,106043100
2016-04-07,4245.91015625,4316.77978515625,4229.1201171875,4288.7099609375,98335800
2016-04-08,4303.1201171875,4315.58984375,4258.509765625,4259.10009765625,100861900
2016-04-11,4312.6298828125,4338.81005859375,4263.080078125,4294.1201171875,103360100
2016-04-12,4345.91015625,4348.39990234375,4269.10009765625,4317.5,121266000
2016-04-13,4490.31005859375,4490.31005859375,4404.580078125,4407.02978515625,154790600
2016-04-14,4511.509765625,4515.0,4473.35009765625,4487.22021484375,125164800
2016-04-15,4495.169921875,4508.16015625,4482.330078125,4502.16015625,110271800
2016-04-18,4506.83984375,4517.080078125,4424.759765625,4425.25,92413600
2016-04-19,4566.47998046875,4577.8701171875,4521.60009765625,4521.60009765625,115227500
2016-04-20,4591.919921875,4596.330078125,4538.43017578125,4546.35009765625,115806900
2016-04-21,4582.830078125,4607.68994140625,4551.330078125,4607.68994140625,124963900
2016-04-22,4569.66015625,4580.52001953125,4553.58984375,4578.81982421875,100028400
2016-04-25,4546.1201171875,4574.4599609375,4522.22998046875,4561.919921875,87927900
2016-04-26,4533.18017578125,4579.1201171875,4515.39990234375,4557.0,100430500
2016-04-27,4559.39990234375,4564.7001953125,4525.7900390625,4534.990234375,106492200
2016-04-28,4557.35986328125,4557.35986328125,4482.3701171875,4520.25,111361900
2016-04-29,4428.9599609375,4508.830078125,4428.58984375,4500.43017578125,128212700
2016-05-02,4442.75,4458.740234375,4429.47021484375,4455.759765625,63246300
2016-05-03,4371.97998046875,4437.64990234375,4364.009765625,4435.0,107768800
2016-05-04,4324.22998046875,4387.75,4317.27978515625,4365.2001953125,116952000
2016-05-05,4319.4599609375,4346.2001953125,4303.25,4321.35986328125,79774300
2016-05-06,4301.240234375,4311.490234375,4245.169921875,4290.41015625,111464700
2016-05-09,4322.81005859375,4363.56005859375,4302.9599609375,4322.68994140625,112215100
2016-05-10,4338.2099609375,4374.75,4320.2900390625,4338.0498046875,104155500
2016-05-11,4316.669921875,4340.580078125,4289.3798828125,4335.14013671875,93288200
2016-05-12,4293.27001953125,4361.8798828125,4266.9599609375,4295.740234375,103302300
2016-05-13,4319.990234375,4335.14990234375,4253.1298828125,4264.77001953125,99597300
2016-05-16,4312.27978515625,4316.27978515625,4269.6298828125,4290.64990234375,48829700
2016-05-17,4297.56982421875,4362.330078125,4273.85986328125,4325.10986328125,101426100
2016-05-18,4319.2998046875,4322.22998046875,4267.7099609375,4275.39013671875,87238900
2016-05-19,4282.5400390625,4314.22998046875,4274.56982421875,4292.25,101435500
2016-05-20,4353.89990234375,4353.89990234375,4312.5,4323.6201171875,109632000
2016-05-23,4325.10009765625,4357.080078125,4300.18017578125,4344.89013671875,78807700
2016-05-24,4431.52001953125,4440.64990234375,4300.419921875,4309.2998046875,104153000
2016-05-25,4481.64013671875,4490.169921875,4445.7900390625,4457.85009765625,107680300
2016-05-26,4512.64013671875,4513.77001953125,4477.02001953125,4478.169921875,103885200
2016-05-27,4514.740234375,4518.22021484375,4493.06005859375,4498.43017578125,85290900
2016-05-30,4529.39990234375,4531.18017578125,4503.52001953125,4507.08984375,39995000
2016-05-31,4505.6201171875,4536.6298828125,4496.85986328125,4532.31982421875,122220900
2016-06-01,4475.39013671875,4507.22021484375,4458.2998046875,4502.83984375,92411400
2016-06-02,4466.0,4486.56005859375,4447.6201171875,4468.83984375,93613500
2016-06-03,4421.77978515625,4492.2001953125,4396.6298828125,4477.830078125,111642400
2016-06-06,4423.3798828125,4435.6298828125,4407.009765625,4407.009765625,73061400
2016-06-07,4475.85986328125,4486.47021484375,4441.2099609375,4443.41015625,96308900
2016-06-08,4448.72998046875,4473.2900390625,4435.35009765625,4461.27978515625,93531800
2016-06-09,4405.60986328125,4438.3798828125,4394.52001953125,4437.02001953125,95370600
2016-06-10,4306.72021484375,4390.81005859375,4301.10009765625,4390.81005859375,119451700
2016-06-13,4227.02001953125,4275.97021484375,4227.02001953125,4253.97998046875,115884600
2016-06-14,4130.330078125,4199.5400390625,4127.8701171875,4175.2099609375,136119700
2016-06-15,4171.580078125,4204.009765625,4162.02001953125,4172.72998046875,122586800
2016-06-16,4153.009765625,4162.3701171875,4109.81982421875,4116.5,117520700
2016-06-17,4193.830078125,4218.52978515625,4170.169921875,4179.43994140625,196645100
2016-06-20,4340.759765625,4351.2099609375,4292.919921875,4301.18994140625,114524100
2016-06-21,4367.240234375,4382.91015625,4321.4599609375,4335.89013671875,99917600
2016-06-22,4380.02978515625,4416.97998046875,4372.35009765625,4398.39990234375,92072300
2016-06-23,4465.89990234375,4490.5498046875,4392.52001953125,4404.68017578125,124533400
2016-06-24,4106.72998046875,4198.89990234375,4007.969970703125,4114.580078125,415775700
2016-06-27,4030.300048828125,4115.47021484375,4012.199951171875,4073.719970703125,130042900
2016-06-28,4088.85009765625,4119.080078125,4059.89990234375,4074.360107421875,179309200
2016-06-29,4195.31982421875,4206.35009765625,4128.080078125,4139.3701171875,142748500
2016-06-30,4237.47998046875,4249.52978515625,4155.4501953125,4182.10986328125,146298700
2016-07-01,4273.9599609375,4288.72021484375,4218.10009765625,4261.08984375,116072800
2016-07-04,4234.85986328125,4288.66015625,4233.0,4288.5,74903000
2016-07-05,4163.419921875,4216.06005859375,4148.7900390625,4203.97021484375,111925400
2016-07-06,4085.300048828125,4153.41015625,4062.070068359375,4127.2001953125,138773700
2016-07-07,4117.85009765625,4167.8798828125,4110.240234375,4115.5,99510400
2016-07-08,4190.68017578125,4210.33984375,4102.68017578125,4106.64990234375,112231900
2016-07-11,4264.52978515625,4271.7099609375,4207.3701171875,4221.22021484375,93378500
2016-07-12,4331.3798828125,4342.669921875,4270.990234375,4272.4501953125,129060400
2016-07-13,4335.259765625,4358.669921875,4321.89990234375,4329.52978515625,116377200
2016-07-14,4385.52001953125,4402.22998046875,4345.43994140625,4375.669921875,93281800
2016-07-15,4372.509765625,4383.68994140625,4342.77001953125,4367.43017578125,85684600
2016-07-18,4357.740234375,4408.1298828125,4334.35986328125,4375.08984375,70379900
2016-07-19,4330.1298828125,4357.33984375,4304.2001953125,4345.39990234375,84731100
2016-07-20,4379.759765625,4391.56982421875,4333.35986328125,4354.56982421875,84591000
2016-07-21,4376.25,4389.89990234375,4340.93994140625,4382.16015625,89183000
2016-07-22,4381.10009765625,4398.27001953125,4345.22998046875,4365.3798828125,71605600
2016-07-25,4388.0,4419.77001953125,4368.06005859375,4381.6298828125,77833000
2016-07-26,4394.77001953125,4405.66015625,4353.6201171875,4385.31982421875,88135600
2016-07-27,4446.9599609375,4469.89990234375,4424.60009765625,4424.60009765625,109101100
2016-07-28,4420.580078125,4474.669921875,4420.580078125,4447.2099609375,107115100
2016-07-29,4439.81005859375,4439.81005859375,4408.3798828125,4429.490234375,124920500
2016-08-01,4409.169921875,4477.43994140625,4395.330078125,4469.990234375,86698300
2016-08-02,4327.990234375,4398.2001953125,4320.89013671875,4395.85986328125,105645700
2016-08-03,4321.080078125,4347.93994140625,4293.33984375,4346.31005859375,101785300
2016-08-04,4345.6298828125,4359.7900390625,4324.81005859375,4344.18017578125,85093300
2016-08-05,4410.5498046875,4416.66015625,4361.580078125,4362.93994140625,90951100
2016-08-08,4415.4599609375,4441.16015625,4407.31982421875,4419.02001953125,70007000
2016-08-09,4468.06982421875,4468.33984375,4410.72021484375,4412.85986328125,77065400
2016-08-10,4452.009765625,4465.89013671875,4440.56005859375,4443.3798828125,68145500
2016-08-11,4503.9501953125,4503.9501953125,4446.4599609375,4471.2998046875,68621600
2016-08-12,4500.18994140625,4510.06005859375,4490.4501953125,4501.06005859375,62472700
2016-08-15,4497.85986328125,4528.0,4494.490234375,4503.64990234375,43395900
2016-08-16,4460.43994140625,4499.58984375,4457.25,4476.06982421875,75577600
2016-08-17,4417.68017578125,4478.580078125,4415.330078125,4475.1298828125,66460000
2016-08-18,4437.06005859375,4447.25,4413.06005859375,4441.2001953125,62662600
2016-08-19,4400.52001953125,4436.8701171875,4373.75,4436.08984375,74256600
2016-08-22,4389.93994140625,4443.06982421875,4377.7001953125,4397.39013671875,65669900
2016-08-23,4421.4501953125,4436.14990234375,4404.0,4406.33984375,67974600
2016-08-24,4435.47021484375,4453.72998046875,4382.7099609375,4389.169921875,66667600
2016-08-25,4406.60986328125,4415.31005859375,4377.7900390625,4414.41015625,64056700
2016-08-26,4441.8701171875,4455.60986328125,4387.7099609375,4399.4599609375,71774700
2016-08-29,4424.25,4437.81982421875,4390.0400390625,4421.4599609375,48533900
2016-08-30,4457.490234375,4475.02001953125,4438.419921875,4439.68017578125,75965200
2016-08-31,4438.22021484375,4486.83984375,4438.22021484375,4451.39990234375,112516300
2016-09-01,4439.669921875,4490.91015625,4421.97021484375,4448.02978515625,107456600
2016-09-02,4542.169921875,4548.0400390625,4446.5,4461.2900390625,105485900
2016-09-05,4541.080078125,4566.5498046875,4541.080078125,4550.81982421875,75716900
2016-09-06,4529.9599609375,4557.9501953125,4523.43994140625,4556.35009765625,71272600
2016-09-07,4557.66015625,4561.35986328125,4520.2099609375,4536.9501953125,75442800
2016-09-08,4542.2001953125,4569.6201171875,4485.47021484375,4554.14990234375,94568300
2016-09-09,4491.39990234375,4541.759765625,4481.08984375,4531.419921875,90844400
2016-09-12,4439.7998046875,4439.7998046875,4386.10986328125,4415.22998046875,98367100
2016-09-13,4387.18017578125,4470.259765625,4387.18017578125,4463.259765625,91945600
2016-09-14,4370.259765625,4407.47998046875,4360.9501953125,4407.4501953125,107154600
2016-09-15,4373.22021484375,4381.5400390625,4341.0400390625,4357.2900390625,102309100
2016-09-16,4332.4501953125,4380.1298828125,4310.8798828125,4359.8701171875,208077200
2016-09-19,4394.18994140625,4398.97021484375,4368.85009765625,4368.85009765625,80744000
2016-09-20,4388.60009765625,4419.89990234375,4375.56982421875,4383.31005859375,72813000
2016-09-21,4409.5498046875,4451.31982421875,4408.2998046875,4439.7001953125,82277500
2016-09-22,4509.81982421875,4528.89013671875,4443.669921875,4444.5,112714500
2016-09-23,4488.68994140625,4498.35009765625,4476.85986328125,4494.5,84998800
2016-09-26,4407.85009765625,4455.58984375,4402.1298828125,4455.58984375,86235100
2016-09-27,4398.68017578125,4438.58984375,4362.93017578125,4436.0,91773800
2016-09-28,4432.4501953125,4460.830078125,4413.1201171875,4413.1201171875,78464100
2016-09-29,4443.83984375,4505.2998046875,4434.08984375,4490.5498046875,80427600
2016-09-30,4448.259765625,4463.39013671875,4342.64013671875,4383.7001953125,123077700
2016-10-03,4453.56005859375,4465.2900390625,4432.77001953125,4447.5400390625,61707600
2016-10-04,4503.08984375,4521.35986328125,4453.669921875,4458.669921875,95873900
2016-10-05,4489.9501953125,4499.3798828125,4441.25,4462.72021484375,98277700
2016-10-06,4480.10009765625,4511.8798828125,4470.1201171875,4500.35986328125,102183900
2016-10-07,4449.91015625,4487.18017578125,4444.31982421875,4480.52978515625,117429400
2016-10-10,4497.259765625,4500.4599609375,4428.72998046875,4458.06982421875,87470600
2016-10-11,4471.740234375,4520.18017578125,4469.2998046875,4490.830078125,98600200
2016-10-12,4452.240234375,4474.2001953125,4442.02001953125,4467.08984375,99238700
2016-10-13,4405.169921875,4421.81005859375,4370.64990234375,4421.81005859375,106795500
2016-10-14,4470.919921875,4497.64990234375,4424.25,4424.25,92119400
2016-10-17,4450.22998046875,4474.330078125,4439.91015625,4452.72021484375,69410300
2016-10-18,4508.91015625,4515.60986328125,4474.83984375,4479.68017578125,90352900
2016-10-19,4520.2998046875,4528.97021484375,4495.93994140625,4513.490234375,83323600
2016-10-20,4540.1201171875,4552.240234375,4500.64990234375,4528.66015625,96874000
2016-10-21,4536.06982421875,4555.10986328125,4517.7998046875,4546.64990234375,104200100
2016-10-24,4552.580078125,4579.27978515625,4551.72998046875,4551.72998046875,83826400
2016-10-25,4540.83984375,4570.6298828125,4528.02978515625,4560.4599609375,91091900
2016-10-26,4534.58984375,4539.06982421875,4496.97021484375,4523.9599609375,89958800
2016-10-27,4533.56982421875,4556.740234375,4502.5498046875,4526.33984375,99701500
2016-10-28,4548.580078125,4554.35009765625,4504.5,4515.25,96304300
2016-10-31,4509.259765625,4540.259765625,4500.18994140625,4525.60009765625,88366600
2016-11-01,4470.27978515625,4537.990234375,4460.5400390625,4532.33984375,79346900
2016-11-02,4414.669921875,4449.43994140625,4414.669921875,4437.990234375,96987600
2016-11-03,4411.68017578125,4456.2099609375,4399.2900390625,4402.7900390625,101390600
2016-11-04,4377.4599609375,4403.64013671875,4355.81005859375,4403.16015625,101731700
2016-11-07,4461.2099609375,4464.22998046875,4430.1298828125,4440.10986328125,89701700
2016-11-08,4476.89013671875,4482.58984375,4446.39013671875,4454.580078125,112800500
2016-11-09,4543.47998046875,4543.47998046875,4344.8798828125,4350.06982421875,204613400
2016-11-10,4530.9501953125,4606.66015625,4502.740234375,4577.009765625,225207100
2016-11-11,4489.27001953125,4553.7900390625,4473.35009765625,4545.0498046875,121053300
2016-11-14,4508.5498046875,4560.8798828125,4492.02978515625,4528.0498046875,132886300
2016-11-15,4536.52978515625,4541.4599609375,4504.35009765625,4524.97998046875,112077800
2016-11-16,4501.14013671875,4548.830078125,4479.93994140625,4545.89013671875,102195100
2016-11-17,4527.77001953125,4527.77001953125,4482.580078125,4494.52978515625,88436200
2016-11-18,4504.35009765625,4551.6298828125,4496.740234375,4547.0498046875,106645000
2016-11-21,4529.580078125,4540.89990234375,4479.68994140625,4525.4599609375,84146400
2016-11-22,4548.35009765625,4571.7900390625,4541.580078125,4561.7001953125,125792600
2016-11-23,4529.2099609375,4559.2099609375,4509.02001953125,4557.93017578125,102199800
2016-11-24,4542.56005859375,4552.0400390625,4520.490234375,4537.27001953125,57005200
2016-11-25,4550.27001953125,4555.47021484375,4524.33984375,4548.85009765625,64855700
2016-11-28,4510.39013671875,4545.14013671875,4499.2001953125,4544.08984375,82981500
2016-11-29,4551.4599609375,4551.4599609375,4494.3701171875,4506.91015625,89267600
2016-11-30,4578.33984375,4597.5400390625,4547.580078125,4548.97998046875,143644100
2016-12-01,4560.60986328125,4582.830078125,4541.02001953125,4571.2001953125,111644600
2016-12-02,4528.81982421875,4545.25,4490.14990234375,4527.83984375,102067200
2016-12-05,4574.31982421875,4605.56005859375,4502.2001953125,4506.66015625,111540300
2016-12-06,4631.93994140625,4639.91015625,4558.89990234375,4576.8701171875,122977200
2016-12-07,4694.72021484375,4694.72021484375,4658.72998046875,4676.60986328125,141483500
2016-12-08,4735.47998046875,4748.509765625,4688.580078125,4709.89013671875,149634900
2016-12-09,4764.06982421875,4780.52001953125,4737.3798828125,4741.10009765625,121620200
2016-12-12,4760.77001953125,4780.9501953125,4754.14990234375,4769.83984375,98372500
2016-12-13,4803.8701171875,4807.8798828125,4746.5498046875,4754.22021484375,110469000
2016-12-14,4769.240234375,4790.6298828125,4765.009765625,4778.9599609375,109393800
2016-12-15,4819.22998046875,4830.2998046875,4776.330078125,4776.830078125,141188300
2016-12-16,4833.27001953125,4856.9599609375,4804.7001953125,4815.35009765625,206338400
2016-12-19,4822.77001953125,4829.5498046875,4812.080078125,4820.490234375,94842000
2016-12-20,4849.89013671875,4852.580078125,4815.22998046875,4822.2998046875,87772700
2016-12-21,4833.81982421875,4851.52001953125,4821.240234375,4831.56005859375,66626600
2016-12-22,4834.6298828125,4841.64990234375,4818.81005859375,4825.14990234375,65716200
2016-12-23,4839.68017578125,4844.7998046875,4825.93017578125,4837.41015625,48362600
2016-12-27,4848.27978515625,4852.5498046875,4837.0,4840.169921875,35125700
2016-12-28,4848.009765625,4851.509765625,4840.14013671875,4846.14013671875,49371200
2016-12-29,4838.47021484375,4845.669921875,4822.2900390625,4824.75,45150100
2016-12-30,4862.31005859375,4864.2900390625,4825.14013671875,4837.68017578125,53055000
2017-01-02,4882.3798828125,4896.009765625,4843.93017578125,4845.9599609375,34310400
2017-01-03,4899.330078125,4929.60009765625,4896.10986328125,4904.77001953125,82609500
2017-01-04,4899.39990234375,4913.93994140625,4879.22998046875,4912.9501953125,77276800
2017-01-05,4900.64013671875,4905.83984375,4874.7900390625,4881.72021484375,88092000
2017-01-06,4909.83984375,4911.490234375,4874.419921875,4885.18994140625,73709000
2017-01-09,4887.56982421875,4915.60009765625,4867.830078125,4915.35009765625,72709600
2017-01-10,4888.22998046875,4906.14990234375,4868.5,4894.4501953125,92809300
2017-01-11,4888.7099609375,4916.47998046875,4856.5,4890.0400390625,99652700
2017-01-12,4863.97021484375,4889.2099609375,4857.43994140625,4873.009765625,99417200
2017-01-13,4922.490234375,4924.580078125,4883.06005859375,4889.4501953125,106285900
2017-01-16,4882.18017578125,4911.39013671875,4879.7998046875,4883.43017578125,71928500
2017-01-17,4859.68994140625,4889.16015625,4841.68017578125,4865.18994140625,87737000
2017-01-18,4853.39990234375,4875.740234375,4827.10986328125,4874.31005859375,88911500
2017-01-19,4841.14013671875,4867.580078125,4829.81982421875,4859.759765625,95638900
2017-01-20,4850.669921875,4869.3798828125,4818.8798828125,4834.2998046875,117756800
2017-01-23,4821.41015625,4842.97021484375,4800.39013671875,4816.97998046875,78546600
2017-01-24,4830.02978515625,4840.5,4816.72998046875,4831.9501953125,87954000
2017-01-25,4877.669921875,4890.16015625,4854.5498046875,4865.08984375,114294300
2017-01-26,4867.240234375,4901.06982421875,4855.759765625,4891.85986328125,94017900
2017-01-27,4839.97998046875,4867.31005859375,4829.7001953125,4867.31005859375,79429000
2017-01-30,4784.64013671875,4830.68994140625,4771.97998046875,4823.5,83384600
2017-01-31,4748.89990234375,4812.5498046875,4748.89990234375,4790.27978515625,98487800
2017-02-01,4794.580078125,4823.81005859375,4782.60986328125,4786.85009765625,97905700
2017-02-02,4794.2900390625,4812.31005859375,4774.18017578125,4785.14013671875,98607300
2017-02-03,4825.419921875,4847.47021484375,4803.91015625,4808.4599609375,80815700
2017-02-06,4778.080078125,4841.169921875,4773.35009765625,4829.68017578125,76878800
2017-02-07,4754.47021484375,4787.93994140625,4750.02978515625,4762.169921875,83945400
2017-02-08,4766.60009765625,4790.2900390625,4733.81982421875,4768.0,102120800
2017-02-09,4826.240234375,4831.31005859375,4769.85986328125,4793.009765625,100798200
2017-02-10,4828.31982421875,4845.4501953125,4815.669921875,4842.91015625,122653200
2017-02-13,4888.18994140625,4906.7099609375,4841.60009765625,4844.22021484375,102000800
2017-02-14,4895.81982421875,4897.89013671875,4878.7900390625,4887.22998046875,95785900
2017-02-15,4924.85986328125,4932.35009765625,4902.16015625,4910.56982421875,96447600
2017-02-16,4899.4599609375,4928.25,4890.47998046875,4925.5400390625,91475500
2017-02-17,4867.580078125,4903.16015625,4843.009765625,4896.97021484375,102966800
2017-02-20,4864.990234375,4901.41015625,4856.1201171875,4894.25,68415900
2017-02-21,4888.759765625,4900.3798828125,4849.91015625,4865.89013671875,83739300
2017-02-22,4895.8798828125,4922.64013671875,4866.1201171875,4899.64990234375,99237500
2017-02-23,4891.2900390625,4916.43994140625,4880.490234375,4900.7998046875,107821600
2017-02-24,4845.240234375,4890.10986328125,4806.490234375,4886.509765625,117178100
2017-02-27,4845.18017578125,4869.509765625,4833.77001953125,4864.1298828125,89282400
2017-02-28,4858.580078125,4865.9501953125,4836.52978515625,4862.64990234375,96712700
2017-03-01,4960.830078125,4970.64013671875,4897.47998046875,4897.47998046875,120246400
2017-03-02,4963.7998046875,4972.8798828125,4955.41015625,4965.27001953125,106837200
2017-03-03,4995.1298828125,5002.31982421875,4948.72021484375,4953.2998046875,105338700
2017-03-06,4972.18994140625,4985.240234375,4960.259765625,4983.9599609375,90426900
2017-03-07,4955.0,4974.7900390625,4941.259765625,4974.7900390625,79830000
2017-03-08,4960.47998046875,4976.0400390625,4933.77001953125,4941.18017578125,82332500
2017-03-09,4981.509765625,4988.6298828125,4939.8701171875,4950.52978515625,114473500
2017-03-10,4993.31982421875,5022.10009765625,4990.14990234375,4994.0,103802900
2017-03-13,4999.60009765625,5013.080078125,4986.06005859375,4997.8798828125,84024800
2017-03-14,4974.259765625,5006.0498046875,4958.8798828125,5006.0498046875,91792700
2017-03-15,4985.47998046875,4989.2998046875,4966.0498046875,4980.0498046875,81890200
2017-03-16,5013.3798828125,5031.56982421875,5004.6201171875,5027.10009765625,113121800
2017-03-17,5029.240234375,5037.85009765625,5001.39013671875,5006.7099609375,160166500
2017-03-20,5012.16015625,5030.06005859375,5004.080078125,5008.080078125,64225900
2017-03-21,5002.43017578125,5054.91015625,4990.64013671875,5030.2001953125,93549600
2017-03-22,4994.7001953125,5005.06005859375,4953.56982421875,4969.10986328125,99409000
2017-03-23,5032.759765625,5032.93994140625,4980.56005859375,4996.6201171875,89305600
2017-03-24,5020.89990234375,5027.18994140625,5003.580078125,5027.18994140625,68967900
2017-03-27,5017.43017578125,5017.8798828125,4971.06982421875,4975.08984375,94079200
2017-03-28,5046.2001953125,5048.10986328125,5008.669921875,5027.1298828125,85350200
2017-03-29,5069.0400390625,5073.22998046875,5044.419921875,5063.7001953125,86407300
2017-03-30,5089.64013671875,5090.919921875,5063.06982421875,5075.60986328125,73882900
2017-03-31,5122.509765625,5122.509765625,5067.740234375,5077.2998046875,103369500
2017-04-03,5085.91015625,5132.93017578125,5083.14013671875,5130.18017578125,81634900
2017-04-04,5101.1298828125,5101.1298828125,5076.35009765625,5087.60009765625,84044500
2017-04-05,5091.85009765625,5123.77978515625,5087.68017578125,5104.7099609375,84135600
2017-04-06,5121.43994140625,5126.740234375,5051.60986328125,5063.6201171875,88623600
2017-04-07,5135.27978515625,5135.27978515625,5098.0498046875,5104.72998046875,84781300
2017-04-10,5107.4501953125,5127.35986328125,5097.56005859375,5127.35986328125,70156500
2017-04-11,5101.85986328125,5119.18017578125,5068.25,5086.60986328125,93608500
2017-04-12,5101.10986328125,5142.81005859375,5093.97998046875,5114.5,100135100
2017-04-13,5071.10009765625,5090.47998046875,5062.31982421875,5090.47998046875,97291600
2017-04-18,4990.25,5080.02978515625,4990.25,5078.25,140164900
2017-04-19,5003.72998046875,5011.330078125,4980.41015625,4987.2900390625,112517100
2017-04-20,5077.91015625,5093.60009765625,4989.259765625,4992.47021484375,134681300
2017-04-21,5059.2001953125,5081.60986328125,5029.06005859375,5063.35986328125,165386200
2017-04-24,5268.85009765625,5295.47021484375,5228.5400390625,5267.8798828125,228792800
2017-04-25,5277.8798828125,5293.39013671875,5259.6298828125,5274.35986328125,115584900
2017-04-26,5287.8798828125,5296.52001953125,5270.31982421875,5272.85986328125,120017900
2017-04-27,5271.7001953125,5278.9599609375,5261.72998046875,5276.97021484375,113942900
2017-04-28,5267.330078125,5287.85009765625,5265.35986328125,5267.66015625,122645300
2017-05-02,5304.14990234375,5305.9501953125,5274.2900390625,5284.8798828125,104617800
2017-05-03,5301.0,5301.60986328125,5282.4501953125,5299.740234375,97848100
2017-05-04,5372.419921875,5372.419921875,5304.4599609375,5309.39013671875,152534000
2017-05-05,5432.39990234375,5432.39990234375,5343.02001953125,5344.919921875,138533800
2017-05-08,5382.9501953125,5442.10009765625,5374.2001953125,5442.10009765625,116136600
2017-05-09,5398.009765625,5413.60009765625,5394.1298828125,5404.14013671875,103174700
2017-05-10,5400.4599609375,5402.33984375,5377.75,5398.81005859375,100058200
2017-05-11,5383.419921875,5409.990234375,5356.41015625,5409.89990234375,124960400
2017-05-12,5405.419921875,5405.419921875,5375.47998046875,5386.7900390625,158409000
2017-05-15,5417.39990234375,5417.39990234375,5384.5400390625,5411.27001953125,97533000
2017-05-16,5406.10009765625,5417.169921875,5389.8701171875,5398.14990234375,95519900
2017-05-17,5317.89013671875,5394.8798828125,5297.43017578125,5375.83984375,118949500
2017-05-18,5289.72998046875,5322.7001953125,5238.509765625,5309.91015625,124719100
2017-05-19,5324.39990234375,5334.4501953125,5292.1201171875,5299.39990234375,108705400
2017-05-22,5322.8798828125,5339.41015625,5315.22998046875,5335.1201171875,73526700
2017-05-23,5348.16015625,5368.8798828125,5314.47998046875,5317.1201171875,85536300
2017-05-24,5341.33984375,5353.009765625,5326.58984375,5336.97998046875,79667800
2017-05-25,5337.16015625,5366.7001953125,5323.10986328125,5360.97021484375,66254500
2017-05-26,5336.64013671875,5336.759765625,5282.419921875,5328.85986328125,76926600
2017-05-29,5332.47021484375,5335.77978515625,5316.68994140625,5327.72998046875,43001700
2017-05-30,5305.93994140625,5309.35986328125,5273.56005859375,5291.080078125,78126400
2017-05-31,5283.6298828125,5334.56982421875,5283.6298828125,5306.2099609375,143676300
2017-06-01,5318.669921875,5327.60009765625,5287.990234375,5290.83984375,84194600
2017-06-02,5343.41015625,5372.97021484375,5328.18994140625,5347.85986328125,95624300
2017-06-05,5307.89013671875,5343.7900390625,5299.759765625,5337.10986328125,48932000
2017-06-06,5269.22021484375,5296.419921875,5260.9501953125,5280.2001953125,79880200
2017-06-07,5265.52978515625,5320.0400390625,5254.02978515625,5261.419921875,94213100
2017-06-08,5264.240234375,5290.5,5250.68017578125,5264.68994140625,85052500
2017-06-09,5299.7099609375,5320.169921875,5266.830078125,5275.990234375,79889400
2017-06-12,5240.58984375,5286.10009765625,5233.68994140625,5282.580078125,85538800
2017-06-13,5261.740234375,5273.8701171875,5248.2900390625,5254.14013671875,72390200
2017-06-14,5243.2900390625,5314.9599609375,5243.2900390625,5283.60009765625,97019900
2017-06-15,5216.8798828125,5235.8798828125,5176.669921875,5235.35986328125,118313500
2017-06-16,5263.31005859375,5273.68017578125,5236.0,5243.52978515625,164098100
2017-06-19,5310.72021484375,5331.31982421875,5302.0498046875,5305.22021484375,77527800
2017-06-20,5293.64990234375,5339.5498046875,5293.64990234375,5330.580078125,81245800
2017-06-21,5274.259765625,5286.06005859375,5224.0498046875,5273.0,83179900
2017-06-22,5281.93017578125,5286.4599609375,5237.330078125,5258.68017578125,80688900
2017-06-23,5266.1201171875,5283.8798828125,5247.52001953125,5273.240234375,66693700
2017-06-26,5295.75,5323.72998046875,5289.56005859375,5295.0400390625,67071900
2017-06-27,5258.580078125,5284.9599609375,5237.669921875,5282.8701171875,90277800
2017-06-28,5252.89990234375,5273.9501953125,5203.89990234375,5235.830078125,96381000
2017-06-29,5154.35009765625,5272.93994140625,5143.81982421875,5268.22998046875,114605600
2017-06-30,5120.68017578125,5192.39013671875,5117.22998046875,5157.58984375,97126700
2017-07-03,5195.72021484375,5200.72998046875,5151.18994140625,5151.18994140625,76373400
2017-07-04,5174.89990234375,5197.81005859375,5165.85986328125,5170.5400390625,56279100
2017-07-05,5180.10009765625,5192.509765625,5160.85986328125,5174.7900390625,85258200
2017-07-06,5152.39990234375,5177.6201171875,5111.16015625,5177.2099609375,91164900
2017-07-07,5145.16015625,5155.419921875,5125.990234375,5149.7900390625,74708800
2017-07-10,5165.64013671875,5179.33984375,5147.669921875,5160.7001953125,60989800
2017-07-11,5140.60009765625,5186.43994140625,5135.9501953125,5172.02978515625,64875700
2017-07-12,5222.1298828125,5239.02001953125,5157.83984375,5158.22998046875,83513800
2017-07-13,5235.39990234375,5259.47021484375,5221.580078125,5228.93017578125,75719800
2017-07-14,5235.31005859375,5246.77978515625,5215.97998046875,5246.2001953125,60089700
2017-07-17,5230.169921875,5246.22998046875,5214.31005859375,5238.41015625,53978000
2017-07-18,5173.27001953125,5233.14990234375,5164.6298828125,5219.669921875,75790200
2017-07-19,5216.06982421875,5218.990234375,5174.2900390625,5196.1298828125,69296400
2017-07-20,5199.22021484375,5251.25,5177.72998046875,5239.4599609375,78772300
2017-07-21,5117.66015625,5208.85009765625,5095.1201171875,5188.919921875,106403800
2017-07-24,5127.7001953125,5143.47998046875,5094.35986328125,5133.68017578125,72053200
2017-07-25,5161.080078125,5193.18994140625,5130.52978515625,5130.52978515625,91159700
2017-07-26,5190.169921875,5208.330078125,5158.7900390625,5162.240234375,79110400
2017-07-27,5186.9501953125,5218.56005859375,5172.77978515625,5181.14990234375,99460800
2017-07-28,5131.39013671875,5144.02978515625,5105.72021484375,5144.02978515625,99859600
2017-07-31,5093.77001953125,5148.14990234375,5092.14013671875,5127.6298828125,87612000
2017-08-01,5127.02978515625,5148.490234375,5087.3798828125,5116.89990234375,75327900
2017-08-02,5107.25,5135.14013671875,5094.64013671875,5122.3798828125,82005400
2017-08-03,5130.490234375,5142.91015625,5084.2001953125,5097.14013671875,71167300
2017-08-04,5203.43994140625,5216.39990234375,5118.60986328125,5122.39990234375,78567600
2017-08-07,5207.89013671875,5220.58984375,5195.259765625,5210.72998046875,63788300
2017-08-08,5218.89013671875,5231.64990234375,5191.3798828125,5200.2001953125,62058600
2017-08-09,5145.7001953125,5183.3701171875,5122.5,5182.0498046875,84579800
2017-08-10,5115.22998046875,5148.47021484375,5096.18994140625,5140.990234375,71793700
2017-08-11,5060.919921875,5086.06005859375,5046.75,5081.919921875,86172400
2017-08-14,5121.669921875,5136.18994140625,5080.009765625,5082.8701171875,57283400
2017-08-15,5140.25,5158.5,5123.97021484375,5141.02001953125,48077600
2017-08-16,5176.60986328125,5200.16015625,5159.10009765625,5159.10009765625,55940500
2017-08-17,5146.85009765625,5180.259765625,5137.419921875,5164.5400390625,64545000
2017-08-18,5114.14990234375,5117.0400390625,5074.4501953125,5103.47021484375,73461700
2017-08-21,5087.58984375,5105.93994140625,5066.18994140625,5091.31005859375,59101700
2017-08-22,5131.85986328125,5137.5400390625,5101.68017578125,5112.1298828125,57269900
2017-08-23,5115.39013671875,5149.080078125,5105.5498046875,5125.02978515625,58660400
2017-08-24,5113.1298828125,5136.2998046875,5111.85986328125,5127.7099609375,55558700
2017-08-25,5104.330078125,5141.0498046875,5098.509765625,5121.47998046875,57203600
2017-08-28,5079.75,5106.25,5066.009765625,5076.47021484375,37172200
2017-08-29,5031.919921875,5041.89013671875,4995.06982421875,5035.3798828125,83662800
2017-08-30,5056.33984375,5069.1201171875,5046.06982421875,5063.240234375,61690100
2017-08-31,5085.58984375,5104.77978515625,5068.43994140625,5083.1201171875,108192000
2017-09-01,5123.259765625,5138.419921875,5115.9501953125,5117.18994140625,75774600
2017-09-04,5103.97021484375,5114.7001953125,5088.27978515625,5088.27978515625,44171300
2017-09-05,5086.56005859375,5125.7998046875,5081.080078125,5107.18994140625,72150200
2017-09-06,5101.41015625,5114.2900390625,5050.08984375,5054.31982421875,173147800
2017-09-07,5114.6201171875,5148.06005859375,5103.14990234375,5118.83984375,84862300
2017-09-08,5113.490234375,5117.89013671875,5086.509765625,5099.31005859375,84096300
2017-09-11,5176.7099609375,5180.25,5145.77978515625,5145.77978515625,76915100
2017-09-12,5209.009765625,5219.080078125,5184.47021484375,5192.75,79355100
2017-09-13,5217.58984375,5227.0,5200.2099609375,5205.2099609375,86353100
2017-09-14,5225.2001953125,5233.5400390625,5201.64990234375,5205.18017578125,79396000
2017-09-15,5213.91015625,5237.169921875,5201.97021484375,5220.89013671875,259691200
2017-09-18,5229.31982421875,5239.8798828125,5221.56005859375,5231.990234375,61537100
2017-09-19,5237.43994140625,5238.2900390625,5219.7099609375,5223.2900390625,66921900
2017-09-20,5241.66015625,5248.7900390625,5230.02001953125,5230.509765625,65750000
2017-09-21,5267.2900390625,5275.419921875,5257.43994140625,5259.02001953125,84829300
2017-09-22,5281.2900390625,5295.93017578125,5271.8798828125,5277.39013671875,71447900
2017-09-25,5267.1298828125,5286.830078125,5260.4599609375,5267.990234375,64221800
2017-09-26,5268.759765625,5274.580078125,5255.10986328125,5263.9501953125,70839200
2017-09-27,5281.9599609375,5289.89013671875,5272.31982421875,5281.2998046875,74049900
2017-09-28,5293.77001953125,5295.27001953125,5279.10009765625,5286.0498046875,67809900
2017-09-29,5329.81005859375,5329.81005859375,5284.740234375,5297.419921875,85230900
2017-10-02,5350.43994140625,5350.43994140625,5326.66015625,5332.919921875,68575600
2017-10-03,5367.41015625,5370.89013671875,5355.2998046875,5362.75,58748500
2017-10-04,5363.22998046875,5369.4501953125,5345.2001953125,5369.240234375,80019900
2017-10-05,5379.2099609375,5381.740234375,5355.91015625,5355.91015625,70314300
2017-10-06,5359.89990234375,5378.06982421875,5350.259765625,5378.06982421875,66128500
2017-10-09,5365.830078125,5378.509765625,5351.68017578125,5364.81005859375,55296900
2017-10-10,5363.64990234375,5372.27001953125,5351.7900390625,5364.16015625,59718000
2017-10-11,5362.41015625,5367.3798828125,5338.14013671875,5367.3798828125,71441700
2017-10-12,5360.81005859375,5361.919921875,5342.68994140625,5358.419921875,56447100
2017-10-13,5351.740234375,5371.64990234375,5344.9599609375,5362.72998046875,73942000
2017-10-16,5362.8798828125,5371.6201171875,5347.60986328125,5362.52978515625,63076900
2017-10-17,5361.3701171875,5376.68994140625,5347.5498046875,5372.64990234375,64933200
2017-10-18,5383.81005859375,5394.22998046875,5359.68017578125,5368.08984375,64165900
2017-10-19,5368.2900390625,5377.81005859375,5343.0,5371.0,86686600
2017-10-20,5372.3798828125,5392.08984375,5368.2099609375,5389.47998046875,92307000
2017-10-23,5386.81005859375,5408.740234375,5367.64990234375,5377.4501953125,63702000
2017-10-24,5394.7998046875,5413.02978515625,5377.85986328125,5377.85986328125,74560600
2017-10-25,5374.89013671875,5416.5400390625,5364.16015625,5399.60986328125,80466800
2017-10-26,5455.39990234375,5459.60986328125,5375.259765625,5383.43994140625,90950700
2017-10-27,5494.1298828125,5513.52978515625,5470.240234375,5470.33984375,95585200
2017-10-30,5493.6298828125,5507.56005859375,5487.2900390625,5488.330078125,67428800
2017-10-31,5503.2900390625,5511.25,5489.41015625,5492.6298828125,75164700
2017-11-01,5514.2900390625,5536.39990234375,5514.2900390625,5524.3798828125,75303700
2017-11-02,5510.5,5520.81005859375,5486.240234375,5510.9599609375,70253200
2017-11-03,5517.97021484375,5521.919921875,5498.2900390625,5513.47021484375,75125000
2017-11-06,5507.25,5513.31005859375,5492.89990234375,5507.06982421875,70213800
2017-11-07,5480.64013671875,5525.5498046875,5475.919921875,5521.75,78339100
2017-11-08,5471.43017578125,5496.080078125,5452.2001953125,5487.52978515625,92596200
2017-11-09,5407.75,5479.7001953125,5401.43017578125,5470.18017578125,98897900
2017-11-10,5380.72021484375,5415.8798828125,5375.1201171875,5405.5498046875,84901400
2017-11-13,5341.6298828125,5384.759765625,5301.02001953125,5382.64990234375,84572600
2017-11-14,5315.580078125,5365.64013671875,5301.56982421875,5345.2998046875,90263700
2017-11-15,5301.25,5312.39013671875,5267.22021484375,5301.14013671875,94175400
2017-11-16,5336.39013671875,5345.22998046875,5312.8701171875,5325.41015625,74296300
2017-11-17,5319.169921875,5350.25,5304.35009765625,5335.85009765625,88650100
2017-11-20,5340.4501953125,5348.14990234375,5302.85009765625,5311.27978515625,66757000
2017-11-21,5366.14990234375,5385.85986328125,5326.85986328125,5335.83984375,74777300
2017-11-22,5352.759765625,5391.009765625,5352.759765625,5364.60986328125,67526600
2017-11-23,5379.5400390625,5391.89013671875,5330.31982421875,5339.759765625,55368500
2017-11-24,5390.4599609375,5419.8798828125,5374.39990234375,5374.39990234375,54357200
2017-11-27,5360.08984375,5408.47021484375,5359.39013671875,5378.9599609375,62120700
2017-11-28,5390.47998046875,5398.18994140625,5357.27978515625,5366.3798828125,65960000
2017-11-29,5398.0498046875,5441.68994140625,5394.89013671875,5416.490234375,92621500
2017-11-30,5372.7900390625,5429.64990234375,5372.58984375,5402.66015625,128032500
2017-12-01,5316.89013671875,5378.31982421875,5299.06005859375,5374.1298828125,99908800
2017-12-04,5389.2900390625,5400.10009765625,5350.58984375,5363.2900390625,81907500
2017-12-05,5375.52978515625,5392.47998046875,5349.7900390625,5382.22998046875,77844600
2017-12-06,5374.35009765625,5385.52978515625,5316.5498046875,5333.31982421875,78019500
2017-12-07,5383.85986328125,5396.31005859375,5365.75,5374.56982421875,81173900
2017-12-08,5399.08984375,5425.75,5393.56005859375,5411.91015625,90629200
2017-12-11,5386.830078125,5411.7099609375,5382.5,5411.7099609375,68771400
2017-12-12,5427.18994140625,5427.18994140625,5359.759765625,5394.93017578125,80840200
2017-12-13,5399.4501953125,5429.02978515625,5393.97998046875,5415.31982421875,87609600
2017-12-14,5357.14013671875,5400.27978515625,5357.14013671875,5392.0,78206300
2017-12-15,5349.2998046875,5360.8701171875,5330.10009765625,5340.33984375,157439000
2017-12-18,5420.580078125,5427.8701171875,5386.39990234375,5386.39990234375,81891400
2017-12-19,5382.91015625,5420.64013671875,5380.14990234375,5409.64990234375,63736200
2017-12-20,5352.77001953125,5382.3701171875,5338.02978515625,5377.919921875,68688100
2017-12-21,5385.97021484375,5389.7998046875,5323.5400390625,5332.39013671875,70387200
2017-12-22,5364.72021484375,5385.9599609375,5355.43994140625,5371.0,46753800
2017-12-27,5368.83984375,5388.14013671875,5352.52978515625,5359.81982421875,41098800
2017-12-28,5339.419921875,5370.43017578125,5331.16015625,5367.7001953125,42420600
2017-12-29,5312.56005859375,5344.0498046875,5312.56005859375,5336.14990234375,46218500
2018-01-02,5288.60009765625,5318.740234375,5258.66015625,5318.740234375,66802600
2018-01-03,5331.27978515625,5347.6298828125,5291.89013671875,5295.31005859375,75371700
2018-01-04,5413.68994140625,5430.72021484375,5360.009765625,5360.009765625,92583500
2018-01-05,5470.75,5470.75,5422.77978515625,5424.16015625,76275800
2018-01-08,5487.419921875,5499.14990234375,5478.919921875,5483.47021484375,72318000
2018-01-09,5523.93994140625,5525.669921875,5491.91015625,5491.91015625,78844900
2018-01-10,5504.68017578125,5529.2998046875,5487.56005859375,5518.31982421875,96478300
2018-01-11,5488.5498046875,5516.58984375,5478.97021484375,5514.08984375,83544400
2018-01-12,5517.06005859375,5520.18017578125,5486.08984375,5502.6298828125,80659900
2018-01-15,5509.68994140625,5525.009765625,5501.27978515625,5515.5498046875,56215000
2018-01-16,5513.81982421875,5535.9501953125,5500.22021484375,5513.7001953125,69422000
2018-01-17,5493.990234375,5518.39013671875,5485.02001953125,5496.259765625,72741600
2018-01-18,5494.830078125,5515.16015625,5474.10986328125,5511.2998046875,82084500
2018-01-19,5526.509765625,5528.89013671875,5490.31982421875,5493.990234375,78466200
2018-01-22,5541.990234375,5543.06005859375,5512.27001953125,5520.2099609375,77421200
2018-01-23,5535.259765625,5567.02978515625,5521.830078125,5563.56005859375,85807600
2018-01-24,5495.16015625,5538.580078125,5495.16015625,5532.85009765625,85219400
2018-01-25,5481.2099609375,5525.759765625,5456.0498046875,5493.81005859375,84803300
2018-01-26,5529.14990234375,5539.77001953125,5493.66015625,5496.830078125,65388300
2018-01-29,5521.58984375,5537.52978515625,5517.669921875,5534.14013671875,60112400
2018-01-30,5473.77978515625,5518.93994140625,5464.85009765625,5493.93017578125,80083100
2018-01-31,5481.93017578125,5496.77978515625,5471.18017578125,5483.509765625,83562500
2018-02-01,5454.5498046875,5529.39990234375,5432.58984375,5510.58984375,87026200
2018-02-02,5364.97998046875,5437.259765625,5364.97998046875,5433.83984375,99312300
2018-02-05,5285.830078125,5332.77001953125,5283.27001953125,5322.93994140625,96711900
2018-02-06,5161.81005859375,5226.1298828125,5101.14990234375,5104.27978515625,175358700
2018-02-07,5255.89990234375,5267.8798828125,5169.39990234375,5208.10986328125,117755000
2018-02-08,5151.68017578125,5248.43994140625,5129.52001953125,5229.77978515625,123977500
2018-02-09,5079.2099609375,5155.8701171875,5051.2099609375,5133.4599609375,143039900
2018-02-12,5140.06005859375,5165.75,5113.81982421875,5130.39990234375,93467100
2018-02-13,5109.240234375,5155.22021484375,5109.240234375,5136.08984375,78507900
2018-02-14,5165.259765625,5188.14013671875,5081.6201171875,5137.56982421875,109723700
2018-02-15,5222.52001953125,5255.080078125,5204.43994140625,5211.7099609375,97295500
2018-02-16,5281.580078125,5291.47998046875,5245.7998046875,5249.419921875,101183700
2018-02-19,5256.18017578125,5297.3701171875,5249.89013671875,5295.330078125,51447900
2018-02-20,5289.85986328125,5291.81005859375,5249.85009765625,5257.43017578125,75702000
2018-02-21,5302.169921875,5303.81005859375,5255.77001953125,5278.47998046875,72945400
2018-02-22,5309.22998046875,5321.18994140625,5253.2001953125,5272.43017578125,87528200
2018-02-23,5317.3701171875,5322.35009765625,5292.7001953125,5312.2998046875,68488500
2018-02-26,5344.259765625,5357.35986328125,5329.509765625,5343.56982421875,67882600
2018-02-27,5343.93017578125,5363.52001953125,5329.7900390625,5358.56982421875,76239100
2018-02-28,5320.490234375,5357.06005859375,5312.6201171875,5321.5,84387800
2018-03-01,5262.56005859375,5315.77001953125,5242.8701171875,5304.81005859375,112757700
2018-03-02,5136.580078125,5226.10986328125,5121.240234375,5223.14013671875,117629800
2018-03-05,5167.22998046875,5176.52001953125,5115.93994140625,5116.39013671875,120940100
2018-03-06,5170.22998046875,5216.60009765625,5170.14013671875,5203.10986328125,90489200
2018-03-07,5187.830078125,5203.06005859375,5134.509765625,5151.68994140625,93450600
2018-03-08,5254.10009765625,5264.35986328125,5186.27978515625,5189.14013671875,92799400
2018-03-09,5274.39990234375,5293.080078125,5241.509765625,5243.08984375,75500400
2018-03-12,5276.7099609375,5302.419921875,5258.10986328125,5298.22021484375,64074300
2018-03-13,5242.7900390625,5311.66015625,5225.27001953125,5284.83984375,87014000
2018-03-14,5233.35986328125,5272.72021484375,5224.31005859375,5237.75,73618000
2018-03-15,5267.259765625,5274.93994140625,5235.93994140625,5252.22021484375,82441300
2018-03-16,5282.75,5299.22998046875,5258.509765625,5259.35986328125,150258600
2018-03-19,5222.83984375,5265.43994140625,5210.06982421875,5263.39013671875,76919000
2018-03-20,5252.43017578125,5255.10009765625,5208.509765625,5232.1201171875,66443200
2018-03-21,5239.740234375,5257.240234375,5220.259765625,5252.77978515625,69220400
2018-03-22,5167.2099609375,5231.169921875,5119.2900390625,5205.169921875,104323700
2018-03-23,5095.22021484375,5128.7099609375,5059.669921875,5115.81982421875,102365000
2018-03-26,5066.27978515625,5126.990234375,5043.27001953125,5106.33984375,83600900
2018-03-27,5115.740234375,5149.0498046875,5100.2099609375,5141.39990234375,84280000
2018-03-28,5130.43994140625,5130.43994140625,5038.1201171875,5073.419921875,102195900
2018-03-29,5167.2998046875,5194.97998046875,5134.75,5152.02978515625,92382200
2018-04-03,5152.1201171875,5171.6201171875,5118.68994140625,5144.6298828125,81857300
2018-04-04,5141.7998046875,5163.6298828125,5094.68994140625,5155.47021484375,91113200
2018-04-05,5276.669921875,5280.60986328125,5213.6298828125,5216.68017578125,94689000
2018-04-06,5258.240234375,5282.72021484375,5243.02001953125,5256.25,68854400
2018-04-09,5263.39013671875,5289.72021484375,5247.56982421875,5271.0,60670000
2018-04-10,5307.56005859375,5312.8798828125,5281.580078125,5299.580078125,78090500
2018-04-11,5277.93994140625,5303.31982421875,5264.27001953125,5301.43994140625,68231500
2018-04-12,5309.22021484375,5309.97021484375,5266.35986328125,5280.66015625,82203700
2018-04-13,5315.02001953125,5339.0498046875,5303.3798828125,5318.1298828125,68375700
2018-04-16,5312.9599609375,5322.41015625,5298.93994140625,5322.41015625,60319200
2018-04-17,5353.5400390625,5370.22998046875,5317.1201171875,5325.6298828125,81726700
2018-04-18,5380.169921875,5381.740234375,5359.6298828125,5360.4501953125,82529900
2018-04-19,5391.64013671875,5397.83984375,5377.10986328125,5389.81982421875,74094100
2018-04-20,5412.830078125,5425.7900390625,5381.10986328125,5395.1298828125,87342700
2018-04-23,5438.5498046875,5440.83984375,5392.580078125,5404.72021484375,65848500
2018-04-24,5444.16015625,5446.7001953125,5414.39990234375,5428.18017578125,90205000
2018-04-25,5413.2998046875,5442.31982421875,5388.669921875,5414.14990234375,78056400
2018-04-26,5453.580078125,5460.009765625,5407.580078125,5416.75,83179000
2018-04-27,5483.18994140625,5483.18994140625,5453.97021484375,5454.25,71130200
2018-04-30,5520.5,5521.43994140625,5474.47998046875,5477.43994140625,73369100
2018-05-02,5529.22021484375,5538.72998046875,5509.080078125,5511.4599609375,93979100
2018-05-03,5501.66015625,5523.77978515625,5489.6298828125,5515.35986328125,79259400
2018-05-04,5516.0498046875,5516.0498046875,5485.990234375,5495.7099609375,85333000
2018-05-07,5531.419921875,5532.1201171875,5503.7001953125,5511.93994140625,45591900
2018-05-08,5521.93017578125,5529.14990234375,5496.39013671875,5523.91015625,70214400
2018-05-09,5534.6298828125,5535.240234375,5511.580078125,5520.64990234375,72894200
2018-05-10,5545.9501953125,5547.2001953125,5522.91015625,5532.3701171875,48972800
2018-05-11,5541.93994140625,5544.740234375,5521.33984375,5533.41015625,61288900
2018-05-14,5540.68017578125,5542.2099609375,5524.43994140625,5539.0498046875,59725700
2018-05-15,5553.16015625,5563.35986328125,5527.64013671875,5529.39013671875,88419600
2018-05-16,5567.5400390625,5570.9599609375,5540.669921875,5546.39013671875,76258900
2018-05-17,5621.919921875,5621.919921875,5570.0400390625,5570.39013671875,80318200
2018-05-18,5614.509765625,5643.14990234375,5603.35009765625,5610.14013671875,115184600
2018-05-21,5637.509765625,5657.43994140625,5626.18017578125,5626.7001953125,49392900
2018-05-22,5640.10009765625,5653.08984375,5628.93017578125,5637.93994140625,82627400
2018-05-23,5565.85009765625,5626.02001953125,5544.41015625,5626.02001953125,100736000
2018-05-24,5548.4501953125,5598.64990234375,5523.22021484375,5576.64990234375,85231200
2018-05-25,5542.5498046875,5592.16015625,5519.77978515625,5570.72998046875,87810500
2018-05-28,5508.93017578125,5577.3798828125,5492.2998046875,5565.66015625,58701500
2018-05-29,5438.06005859375,5480.18017578125,5389.60986328125,5466.47998046875,141981600
2018-05-30,5427.35009765625,5434.240234375,5386.14990234375,5420.14990234375,116950900
2018-05-31,5398.39990234375,5453.009765625,5381.3798828125,5440.9501953125,144487200
2018-06-01,5465.52978515625,5482.56005859375,5438.31005859375,5440.419921875,99399200
2018-06-04,5472.91015625,5501.47998046875,5468.919921875,5497.740234375,79269000
2018-06-05,5460.9501953125,5512.81982421875,5460.9501953125,5464.8798828125,84084300
2018-06-06,5457.56005859375,5480.31005859375,5419.93994140625,5470.580078125,88256900
2018-06-07,5448.35986328125,5500.31982421875,5440.66015625,5482.60986328125,80269600
2018-06-08,5450.22021484375,5458.85009765625,5405.35986328125,5419.7099609375,79611800
2018-06-11,5473.91015625,5480.419921875,5451.1298828125,5459.81005859375,87500400
2018-06-12,5453.3701171875,5496.47021484375,5448.7001953125,5494.830078125,78558400
2018-06-13,5452.72998046875,5474.009765625,5447.89990234375,5457.31005859375,82724700
2018-06-14,5528.4599609375,5543.2900390625,5408.2998046875,5420.39013671875,99909400
2018-06-15,5501.8798828125,5560.6201171875,5501.8798828125,5542.81982421875,189560900
2018-06-18,5450.47998046875,5491.83984375,5418.47998046875,5487.7001953125,84643700
2018-06-19,5390.6298828125,5398.0400390625,5366.0498046875,5387.81005859375,87760800
2018-06-20,5372.31005859375,5418.2001953125,5372.0400390625,5418.2001953125,83444100
2018-06-21,5316.009765625,5396.47021484375,5302.08984375,5386.8798828125,92471200
2018-06-22,5387.3798828125,5389.31982421875,5327.02978515625,5330.0498046875,74045400
2018-06-25,5283.85986328125,5362.330078125,5283.85986328125,5350.9599609375,61986900
2018-06-26,5281.2900390625,5315.56005859375,5281.2900390625,5308.8798828125,66678000
2018-06-27,5327.2001953125,5371.580078125,5246.41015625,5284.4599609375,91539300
2018-06-28,5275.64013671875,5341.08984375,5250.22021484375,5308.43994140625,91384400
2018-06-29,5323.52978515625,5357.9501953125,5318.47021484375,5335.240234375,96281300
2018-07-02,5276.759765625,5293.39990234375,5242.64013671875,5264.39990234375,84519600
2018-07-03,5316.77001953125,5336.2001953125,5284.1298828125,5302.35986328125,79762300
2018-07-04,5320.5,5333.22021484375,5307.2001953125,5313.9599609375,63961500
2018-07-05,5366.31982421875,5391.56982421875,5324.52001953125,5326.02001953125,95493300
2018-07-06,5375.77001953125,5393.4599609375,5345.4599609375,5387.18017578125,72631100
2018-07-09,5398.10986328125,5418.9501953125,5384.60009765625,5403.0400390625,68001100
2018-07-10,5434.35986328125,5437.0498046875,5404.89990234375,5410.18994140625,73970700
2018-07-11,5353.93017578125,5396.7001953125,5353.93017578125,5393.41015625,87179200
2018-07-12,5405.89990234375,5406.47998046875,5349.47998046875,5369.18994140625,77442500
2018-07-13,5429.2001953125,5439.56005859375,5418.169921875,5428.0400390625,66789800
2018-07-16,5409.43017578125,5439.66015625,5404.52001953125,5429.43017578125,56645300
2018-07-17,5422.5400390625,5426.77978515625,5383.0,5405.60986328125,63232400
2018-07-18,5447.43994140625,5459.72021484375,5438.31005859375,5441.5400390625,72157000
2018-07-19,5417.06982421875,5444.18994140625,5409.77001953125,5437.7099609375,73346300
2018-07-20,5398.31982421875,5424.3701171875,5342.2998046875,5409.669921875,93503600
2018-07-23,5378.25,5385.830078125,5358.81982421875,5382.85986328125,58933900
2018-07-24,5434.18994140625,5453.0498046875,5389.77001953125,5399.18994140625,96565100
2018-07-25,5426.41015625,5452.25,5413.66015625,5445.240234375,81395300
2018-07-26,5480.5498046875,5480.5498046875,5435.27001953125,5463.2900390625,98897800
2018-07-27,5511.759765625,5514.39990234375,5475.77001953125,5477.52978515625,104519100
2018-07-30,5491.22021484375,5507.47998046875,5482.240234375,5490.2001953125,68998200
2018-07-31,5511.2998046875,5529.02978515625,5496.41015625,5505.52001953125,97712800
2018-08-01,5498.3701171875,5531.580078125,5495.7900390625,5520.330078125,81015200
2018-08-02,5460.97998046875,5483.740234375,5445.91015625,5477.6298828125,95127100
2018-08-03,5478.97998046875,5491.77978515625,5459.27001953125,5475.81982421875,72256600
2018-08-06,5477.18017578125,5501.5400390625,5456.509765625,5487.27978515625,61262700
2018-08-07,5521.31005859375,5539.41015625,5490.080078125,5490.91015625,65874000
2018-08-08,5501.89990234375,5530.02001953125,5497.10009765625,5518.490234375,57616100
2018-08-09,5502.25,5502.419921875,5468.64013671875,5487.919921875,55242100
2018-08-10,5414.68017578125,5466.669921875,5391.009765625,5455.9599609375,103117500
2018-08-13,5412.31982421875,5428.91015625,5385.18994140625,5402.41015625,66875100
2018-08-14,5403.41015625,5447.93017578125,5392.39013671875,5437.43017578125,68465700
2018-08-15,5305.22021484375,5417.18994140625,5287.18017578125,5414.75,87832500
2018-08-16,5349.02001953125,5354.9501953125,5307.16015625,5326.169921875,64762100
2018-08-17,5344.93017578125,5366.56005859375,5313.990234375,5356.490234375,64188500
2018-08-20,5379.64990234375,5397.77978515625,5356.31982421875,5362.3701171875,48284100
2018-08-21,5408.60009765625,5427.259765625,5367.3798828125,5372.02001953125,56477500
2018-08-22,5420.60986328125,5431.52001953125,5401.43017578125,5401.43017578125,71435300
2018-08-23,5419.330078125,5436.72021484375,5415.43017578125,5422.39013671875,52041400
2018-08-24,5432.5,5449.75,5421.2099609375,5422.77978515625,52056700
2018-08-27,5479.10009765625,5487.4501953125,5448.490234375,5455.39990234375,43768100
2018-08-28,5484.990234375,5506.759765625,5477.35009765625,5489.509765625,62817700
2018-08-29,5501.330078125,5504.31982421875,5476.27001953125,5495.9501953125,52978800
2018-08-30,5478.06005859375,5498.77001953125,5467.1201171875,5494.02001953125,64286100
2018-08-31,5406.85009765625,5471.0498046875,5403.16015625,5470.7998046875,89131200
2018-09-03,5413.7998046875,5417.4599609375,5387.2099609375,5400.7001953125,48627400
2018-09-04,5342.7001953125,5428.22021484375,5322.77001953125,5423.669921875,79249300
2018-09-05,5260.22021484375,5324.0,5259.97998046875,5322.080078125,103548700
2018-09-06,5243.83984375,5292.43017578125,5243.81005859375,5254.7001953125,79501100
2018-09-07,5252.22021484375,5266.6298828125,5226.31005859375,5252.97998046875,83620300
2018-09-10,5269.6298828125,5291.2099609375,5241.18017578125,5250.759765625,71394000
2018-09-11,5283.7900390625,5285.02001953125,5240.0400390625,5284.240234375,74742700
2018-09-12,5332.1298828125,5338.6298828125,5293.6201171875,5294.580078125,75458800
2018-09-13,5328.1201171875,5366.33984375,5325.2998046875,5327.93994140625,75754300
2018-09-14,5352.56982421875,5362.2001953125,5338.25,5353.580078125,66793100
2018-09-17,5348.8701171875,5358.18017578125,5329.97021484375,5344.5498046875,66172300
2018-09-18,5363.7900390625,5389.759765625,5339.6201171875,5348.490234375,80228500
2018-09-19,5393.740234375,5406.06005859375,5361.330078125,5362.93994140625,85324800
2018-09-20,5451.58984375,5461.10986328125,5398.2001953125,5398.2001953125,108602600
2018-09-21,5494.169921875,5499.02978515625,5463.66015625,5463.66015625,222510800
2018-09-24,5476.169921875,5488.18017578125,5463.43994140625,5480.64013671875,73646100
2018-09-25,5479.10009765625,5497.14990234375,5468.77978515625,5468.91015625,74313200
2018-09-26,5512.72998046875,5512.75,5471.56982421875,5482.990234375,77971500
2018-09-27,5540.41015625,5546.7998046875,5485.830078125,5500.25,74700600
2018-09-28,5493.490234375,5527.240234375,5458.2099609375,5514.5498046875,112190100
2018-10-01,5506.81982421875,5519.93994140625,5491.169921875,5494.93017578125,75188000
2018-10-02,5467.89013671875,5480.240234375,5440.77978515625,5473.7900390625,83460200
2018-10-03,5491.39990234375,5509.080078125,5468.47021484375,5485.02001953125,65565700
2018-10-04,5410.85009765625,5477.919921875,5404.83984375,5471.8798828125,94188600
2018-10-05,5359.35986328125,5412.31005859375,5354.7900390625,5407.580078125,84127700
2018-10-08,5300.25,5349.31005859375,5291.740234375,5339.490234375,69434100
2018-10-09,5318.5498046875,5328.3701171875,5260.52978515625,5304.10986328125,78857600
2018-10-10,5206.22021484375,5319.8798828125,5200.10986328125,5319.27001953125,104816300
2018-10-11,5106.3701171875,5175.35986328125,5101.89990234375,5128.22021484375,141209700
2018-10-12,5095.97998046875,5164.02978515625,5095.740234375,5160.22998046875,98283100
2018-10-15,5095.06982421875,5105.93017578125,5058.0498046875,5095.1201171875,79093900
2018-10-16,5173.0498046875,5176.7998046875,5082.41015625,5094.43994140625,88042700
2018-10-17,5144.9501953125,5205.3798828125,5117.22998046875,5187.10986328125,90604000
2018-10-18,5116.7900390625,5175.58984375,5115.31005859375,5150.22998046875,99240000
2018-10-19,5084.66015625,5133.58984375,5057.4501953125,5119.64013671875,130238900
2018-10-22,5053.31005859375,5135.68994140625,5052.240234375,5130.2900390625,74610400
2018-10-23,4967.68994140625,5009.43017578125,4955.669921875,4991.91015625,114932000
2018-10-24,4953.08984375,5043.3701171875,4951.16015625,4995.77001953125,116382700
2018-10-25,5032.2998046875,5033.52001953125,4925.56005859375,4933.9501953125,125445400
2018-10-26,4967.3701171875,4978.39013671875,4896.7998046875,4978.39013671875,131619600
2018-10-29,4989.35009765625,5030.02001953125,4958.509765625,4958.509765625,83255000
2018-10-30,4978.52978515625,5010.43994140625,4929.93994140625,4996.919921875,96430500
2018-10-31,5093.43994140625,5106.759765625,5047.35009765625,5049.740234375,130251200
2018-11-01,5085.77978515625,5119.68017578125,5060.759765625,5076.5498046875,86117000
2018-11-02,5102.1298828125,5162.18017578125,5101.27978515625,5147.02001953125,94431400
2018-11-05,5101.39013671875,5124.18994140625,5092.35986328125,5101.8701171875,68302600
2018-11-06,5075.18994140625,5110.7998046875,5066.39013671875,5110.7998046875,67159700
2018-11-07,5137.93994140625,5150.64013671875,5098.89990234375,5100.080078125,88816200
2018-11-08,5131.4501953125,5168.10986328125,5120.14013671875,5147.18994140625,87240200
2018-11-09,5106.75,5112.56982421875,5072.2099609375,5103.43017578125,84712400
2018-11-12,5059.08984375,5140.4501953125,5058.490234375,5130.3798828125,77068100
2018-11-13,5101.85009765625,5106.77001953125,5054.89990234375,5077.56982421875,78747800
2018-11-14,5068.85009765625,5131.0400390625,5026.22021484375,5062.43994140625,88350000
2018-11-15,5033.6201171875,5106.56005859375,4993.47998046875,5097.08984375,99859900
2018-11-16,5025.2001953125,5081.0,4986.18994140625,5068.64013671875,99615100
2018-11-19,4985.4501953125,5062.75,4979.97998046875,5040.68017578125,75776800
2018-11-20,4924.89013671875,4967.97998046875,4894.2998046875,4962.85009765625,97368100
2018-11-21,4975.5,4978.919921875,4930.25,4949.72021484375,82217400
2018-11-22,4938.14013671875,4961.35009765625,4923.7998046875,4958.89013671875,60539000
2018-11-23,4946.9501953125,4968.5,4913.72021484375,4939.7900390625,61973700
2018-11-26,4994.97998046875,5023.77978515625,4973.7099609375,4982.5400390625,94237200
2018-11-27,4983.14990234375,5013.68994140625,4958.7099609375,4992.52978515625,85316600
2018-11-28,4983.240234375,5007.47021484375,4977.93017578125,4998.14013671875,84265900
2018-11-29,5006.25,5036.81005859375,4995.9501953125,5026.66015625,82130300
2018-11-30,5003.919921875,5016.85986328125,4974.990234375,5016.4501953125,107965900
2018-12-03,5053.97998046875,5115.1298828125,5043.2001953125,5112.580078125,101898900
2018-12-04,5012.66015625,5043.259765625,5012.47998046875,5036.9501953125,84238000
2018-12-05,4944.3701171875,4976.6298828125,4941.4501953125,4963.18017578125,78499500
2018-12-06,4780.4599609375,4898.35009765625,4760.97998046875,4898.35009765625,140516600
2018-12-07,4813.1298828125,4877.1298828125,4812.3798828125,4813.6201171875,95511500
2018-12-10,4742.3798828125,4809.97998046875,4732.02001953125,4797.919921875,108458800
2018-12-11,4806.2001953125,4853.919921875,4770.06982421875,4781.93994140625,101943600
2018-12-12,4909.4501953125,4924.66015625,4829.1201171875,4834.240234375,106795300
2018-12-13,4896.919921875,4935.47998046875,4890.43994140625,4926.85986328125,88192400
2018-12-14,4853.7001953125,4873.16015625,4822.89013671875,4853.1201171875,89679200
2018-12-17,4799.8701171875,4847.5,4788.8798828125,4840.1201171875,83817900
2018-12-18,4754.080078125,4804.97998046875,4754.080078125,4773.18994140625,109281600
2018-12-19,4777.4501953125,4794.009765625,4761.6298828125,4766.72998046875,96198400
2018-12-20,4692.4599609375,4719.60986328125,4685.60986328125,4709.75,120847000
2018-12-21,4694.3798828125,4696.18017578125,4628.240234375,4672.77001953125,187129800
2018-12-24,4626.39013671875,4664.2001953125,4622.02978515625,4650.419921875,24595900
2018-12-27,4598.60986328125,4692.43017578125,4555.990234375,4689.2001953125,89451800
2018-12-28,4678.740234375,4700.490234375,4623.97021484375,4641.0498046875,67583000
2018-12-31,4730.68994140625,4731.490234375,4696.1201171875,4708.740234375,23249900
2019-01-02,4689.39013671875,4699.97998046875,4606.2001953125,4642.18017578125,76980400
2019-01-03,4611.490234375,4671.27978515625,4607.68017578125,4641.7998046875,78741500
2019-01-04,4737.1201171875,4750.509765625,4636.7900390625,4649.6298828125,95967400
2019-01-07,4719.169921875,4760.27001953125,4690.22021484375,4757.009765625,73900700
2019-01-08,4773.27001953125,4810.27001953125,4719.22998046875,4722.16015625,98114900
2019-01-09,4813.580078125,4843.47998046875,4801.830078125,4811.18017578125,94180800
2019-01-10,4805.66015625,4805.66015625,4759.759765625,4788.759765625,76138500
2019-01-11,4781.33984375,4821.27978515625,4760.83984375,4814.66015625,77037500
2019-01-14,4762.75,4773.14990234375,4730.5498046875,4740.31005859375,69500100
2019-01-15,4786.169921875,4816.72998046875,4754.68994140625,4799.580078125,83421600
2019-01-16,4810.740234375,4816.490234375,4784.7900390625,4811.58984375,81097500
2019-01-17,4794.3701171875,4801.669921875,4772.64013671875,4782.6298828125,82674400
2019-01-18,4875.93017578125,4881.56982421875,4824.259765625,4825.97021484375,106129400
2019-01-21,4867.77978515625,4872.6201171875,4859.759765625,4865.7900390625,49416900
2019-01-22,4847.52978515625,4863.2998046875,4824.06005859375,4841.18017578125,67998400
2019-01-23,4840.3798828125,4875.41015625,4820.14013671875,4831.919921875,78599700
2019-01-24,4871.9599609375,4883.89990234375,4832.39990234375,4839.58984375,82884500
2019-01-25,4925.81982421875,4931.7998046875,4890.89990234375,4895.58984375,82965000
2019-01-28,4888.580078125,4912.10009765625,4878.6201171875,4903.9501953125,64841000
2019-01-29,4928.18017578125,4949.4501953125,4879.66015625,4889.33984375,66407300
2019-01-30,4974.759765625,4974.759765625,4942.64013671875,4943.68017578125,68861600
2019-01-31,4992.72021484375,5016.27978515625,4955.5,4993.08984375,102641200
2019-02-01,5019.259765625,5023.3701171875,4980.5,5004.64990234375,79792300
2019-02-04,5000.18994140625,5019.39990234375,4970.7001953125,5014.31005859375,70664200
2019-02-05,5083.33984375,5083.33984375,4997.52978515625,5009.830078125,87212600
2019-02-06,5079.0498046875,5083.81005859375,5058.0400390625,5060.64990234375,85303500
2019-02-07,4985.56005859375,5083.89013671875,4985.56005859375,5075.75,111261700
2019-02-08,4961.64013671875,5005.64013671875,4946.14013671875,4980.81005859375,100191000
2019-02-11,5014.47021484375,5023.2900390625,4986.2998046875,4988.08984375,70045200
2019-02-12,5056.35009765625,5073.7900390625,5039.990234375,5052.330078125,81414900
2019-02-13,5074.27001953125,5092.18994140625,5061.60009765625,5071.5400390625,84733400
2019-02-14,5062.52001953125,5117.7900390625,5062.52001953125,5117.7900390625,90012000
2019-02-15,5153.18994140625,5164.580078125,5059.5,5061.5400390625,110465200
2019-02-18,5168.5400390625,5170.9599609375,5147.81005859375,5149.06005859375,60816200
2019-02-19,5160.52001953125,5176.41015625,5137.169921875,5162.31005859375,67491900
2019-02-20,5195.9501953125,5202.89990234375,5159.06005859375,5168.58984375,74722600
2019-02-21,5196.10986328125,5206.3798828125,5180.6201171875,5200.1201171875,95156300
2019-02-22,5215.85009765625,5226.7998046875,5190.27978515625,5190.93994140625,75215100
2019-02-25,5231.85009765625,5242.22021484375,5219.39013671875,5228.25,72266600
2019-02-26,5238.72021484375,5248.5,5197.2900390625,5212.85986328125,74612300
2019-02-27,5225.35009765625,5236.830078125,5211.5400390625,5218.1201171875,86877000
2019-02-28,5240.52978515625,5247.5498046875,5204.77001953125,5204.77001953125,110811900
2019-03-01,5265.18994140625,5286.68994140625,5262.47021484375,5267.14013671875,88315600
2019-03-04,5286.56982421875,5310.64013671875,5283.35009765625,5291.1298828125,63344600
2019-03-05,5297.52001953125,5297.990234375,5267.56982421875,5288.5498046875,74259300
2019-03-06,5288.81005859375,5314.97021484375,5281.9501953125,5288.39990234375,18519200
2019-03-07,5267.919921875,5306.08984375,5249.31982421875,5282.14013671875,100441400
2019-03-08,5231.22021484375,5252.35009765625,5221.02978515625,5233.97021484375,99881400
2019-03-11,5265.9599609375,5268.58984375,5230.16015625,5253.490234375,71957700
2019-03-12,5270.25,5294.830078125,5245.759765625,5290.93994140625,79641900
2019-03-13,5306.3798828125,5309.77001953125,5261.89013671875,5263.009765625,72032100
2019-03-14,5349.77978515625,5358.41015625,5308.75,5308.75,80679300
2019-03-15,5405.31982421875,5421.509765625,5351.8798828125,5352.8798828125,213640300
2019-03-18,5412.830078125,5416.490234375,5401.47021484375,5403.5400390625,71187100
2019-03-19,5425.89990234375,5443.10009765625,5403.580078125,5406.22998046875,70707600
2019-03-20,5382.66015625,5429.43994140625,5382.66015625,5417.2099609375,80810600
2019-03-21,5378.85009765625,5393.330078125,5349.0,5378.41015625,75608100
2019-03-22,5269.919921875,5398.47021484375,5264.1298828125,5394.4599609375,109347500
2019-03-25,5260.64013671875,5276.740234375,5211.759765625,5211.759765625,77602300
2019-03-26,5307.3798828125,5315.2900390625,5257.7900390625,5271.14013671875,64772700
2019-03-27,5301.240234375,5340.0498046875,5279.64990234375,5312.7001953125,92888500
2019-03-28,5296.5400390625,5327.72998046875,5291.64013671875,5299.02978515625,74378700
2019-03-29,5350.52978515625,5356.06982421875,5315.10986328125,5334.56005859375,79046600
2019-04-01,5405.52978515625,5414.52978515625,5376.18017578125,5394.5,77183600
2019-04-02,5423.47021484375,5433.509765625,5403.43994140625,5409.68017578125,67149200
2019-04-03,5468.91015625,5473.919921875,5451.43994140625,5458.02001953125,87758700
2019-04-04,5463.7998046875,5474.41015625,5448.39990234375,5460.830078125,69798300
2019-04-05,5476.2001953125,5486.0,5464.85009765625,5469.33984375,77567000
2019-04-08,5471.77978515625,5486.6298828125,5462.3798828125,5471.740234375,58463400
2019-04-09,5436.419921875,5491.85009765625,5436.419921875,5453.0,68930800
2019-04-10,5449.8798828125,5461.33984375,5440.31982421875,5442.68017578125,70801100
2019-04-11,5485.72021484375,5498.89013671875,5446.2001953125,5474.330078125,75234800
2019-04-12,5502.7001953125,5510.990234375,5474.35986328125,5478.9501953125,81746200
2019-04-15,5508.72998046875,5518.3701171875,5497.52978515625,5501.509765625,67400500
2019-04-16,5528.669921875,5532.31005859375,5503.35009765625,5510.72021484375,76025200
2019-04-17,5563.08984375,5569.27978515625,5522.60986328125,5528.009765625,86734600
2019-04-18,5580.3798828125,5601.3798828125,5527.93994140625,5548.66015625,105619800
2019-04-23,5591.68994140625,5596.2099609375,5564.93994140625,5577.52001953125,87060900
2019-04-24,5576.06005859375,5597.60009765625,5557.2099609375,5581.16015625,84201400
2019-04-25,5557.669921875,5571.85986328125,5538.2998046875,5569.2099609375,75881200
2019-04-26,5569.35986328125,5575.25,5546.81982421875,5570.06982421875,75422900
2019-04-29,5580.97998046875,5593.60009765625,5547.1201171875,5567.08984375,67208000
2019-04-30,5586.41015625,5586.41015625,5553.10009765625,5570.43017578125,92198400
2019-05-02,5538.85986328125,5573.16015625,5537.990234375,5568.2001953125,92443600
2019-05-03,5548.83984375,5563.1201171875,5535.580078125,5537.4599609375,67538000
2019-05-06,5483.52001953125,5489.5400390625,5422.58984375,5450.830078125,77234200
2019-05-07,5395.75,5490.330078125,5387.990234375,5478.5498046875,93789000
2019-05-08,5417.58984375,5426.31982421875,5378.18017578125,5388.72021484375,76182500
2019-05-09,5313.16015625,5363.77001953125,5307.06005859375,5358.10009765625,96336000
2019-05-10,5327.43994140625,5372.25,5312.009765625,5353.5,82554800
2019-05-13,5262.56982421875,5334.06005859375,5247.66015625,5332.2998046875,87610900
2019-05-14,5341.35009765625,5341.35009765625,5288.919921875,5292.080078125,86384000
2019-05-15,5374.259765625,5374.259765625,5297.2998046875,5348.33984375,103541000
2019-05-16,5448.10986328125,5448.10986328125,5346.5400390625,5365.3701171875,89653900
2019-05-17,5438.22998046875,5450.64990234375,5401.66015625,5428.169921875,96770400
2019-05-20,5358.58984375,5438.60009765625,5333.31005859375,5425.2998046875,88787600
2019-05-21,5385.4599609375,5394.91015625,5350.1298828125,5373.009765625,79280900
2019-05-22,5378.97998046875,5399.72021484375,5345.27978515625,5381.68994140625,69422500
2019-05-23,5281.3701171875,5340.3798828125,5272.77978515625,5335.1201171875,95282100
2019-05-24,5316.509765625,5337.66015625,5302.52001953125,5307.7998046875,86386600
2019-05-27,5336.18994140625,5364.22021484375,5323.169921875,5341.39013671875,55120600
2019-05-28,5312.68994140625,5351.08984375,5300.7998046875,5343.2998046875,123522700
2019-05-29,5222.1201171875,5252.52001953125,5203.81005859375,5249.27001953125,96891600
2019-05-30,5248.91015625,5258.0498046875,5229.740234375,5241.9501953125,53926800
2019-05-31,5207.6298828125,5208.06982421875,5160.91015625,5198.759765625,92675600
2019-06-03,5241.4599609375,5241.4599609375,5152.2998046875,5171.60986328125,82486400
2019-06-04,5268.259765625,5278.91015625,5191.60986328125,5204.22021484375,100999600
2019-06-05,5292.0,5306.830078125,5265.60009765625,5271.259765625,82999200
2019-06-06,5278.43017578125,5332.68994140625,5264.6201171875,5293.72021484375,97740400
2019-06-07,5364.0498046875,5389.9501953125,5299.7099609375,5299.7099609375,85504600
2019-06-10,5382.5,5397.35009765625,5369.81982421875,5382.2900390625,44478400
2019-06-11,5408.4501953125,5431.5400390625,5381.31005859375,5382.8798828125,82532500
2019-06-12,5374.919921875,5394.85009765625,5358.81005859375,5379.14990234375,71298300
2019-06-13,5375.6298828125,5392.509765625,5353.10986328125,5361.60009765625,69304200
2019-06-14,5367.6201171875,5369.3798828125,5342.14990234375,5367.10009765625,65531100
2019-06-17,5390.9501953125,5408.75,5368.06982421875,5370.759765625,60116200
2019-06-18,5509.72998046875,5516.06005859375,5376.1201171875,5386.3798828125,112114700
2019-06-19,5518.4501953125,5521.81005859375,5496.5400390625,5513.31982421875,94042300
2019-06-20,5535.56982421875,5564.1298828125,5535.56982421875,5551.02978515625,91520000
2019-06-21,5528.330078125,5582.240234375,5518.39013671875,5534.43017578125,180857100
2019-06-24,5521.7099609375,5547.10986328125,5514.14013671875,5534.35009765625,69081000
2019-06-25,5514.56982421875,5523.56982421875,5499.64990234375,5499.81982421875,67601900
2019-06-26,5500.72021484375,5531.4501953125,5497.22021484375,5504.669921875,72145100
2019-06-27,5493.60986328125,5511.22021484375,5465.6201171875,5508.3798828125,68458200
2019-06-28,5538.97021484375,5545.06005859375,5486.27978515625,5491.169921875,77991000
2019-07-01,5567.91015625,5611.27978515625,5567.91015625,5584.1298828125,70651600
2019-07-02,5576.81982421875,5582.91015625,5556.759765625,5578.3798828125,67572900
2019-07-03,5618.81005859375,5618.81005859375,5579.0400390625,5579.240234375,63296400
2019-07-04,5620.72998046875,5629.7900390625,5613.02978515625,5622.7998046875,46168300
2019-07-05,5593.72021484375,5616.6298828125,5573.35009765625,5613.919921875,63896500
2019-07-08,5589.18994140625,5598.97021484375,5572.77001953125,5580.259765625,54984500
2019-07-09,5572.10009765625,5582.77001953125,5544.6201171875,5578.33984375,62346600
2019-07-10,5567.58984375,5606.18017578125,5557.66015625,5562.43994140625,60776200
2019-07-11,5551.9501953125,5592.2998046875,5548.9501953125,5589.68017578125,57476600
2019-07-12,5572.85986328125,5587.83984375,5552.580078125,5559.16015625,60414500
2019-07-15,5578.2099609375,5606.47998046875,5550.85986328125,5581.10986328125,53770000
2019-07-16,5614.3798828125,5626.7900390625,5573.35986328125,5574.18017578125,66028700
2019-07-17,5571.7099609375,5621.2099609375,5567.85009765625,5602.25,63754200
2019-07-18,5550.5498046875,5585.81005859375,5533.47021484375,5538.02978515625,63265600
2019-07-19,5552.33984375,5598.0,5534.25,5580.990234375,65514600
2019-07-22,5567.02001953125,5575.740234375,5545.60986328125,5550.2998046875,58118200
2019-07-23,5618.16015625,5638.66015625,5580.52001953125,5590.60009765625,77856100
2019-07-24,5605.8701171875,5627.080078125,5583.14013671875,5617.85986328125,68914100
2019-07-25,5578.0498046875,5672.77001953125,5549.66015625,5646.72998046875,106354900
2019-07-26,5610.0498046875,5614.25,5568.830078125,5572.72021484375,71726800
2019-07-29,5601.10009765625,5624.33984375,5590.81982421875,5598.64990234375,59297700
2019-07-30,5511.06982421875,5611.0,5496.77001953125,5610.72998046875,87362100
2019-07-31,5518.89990234375,5538.58984375,5503.1298828125,5511.509765625,84213800
2019-08-01,5557.41015625,5563.64990234375,5499.8798828125,5500.91015625,81383400
2019-08-02,5359.0,5455.1298828125,5350.759765625,5427.5498046875,130992200
2019-08-05,5241.5498046875,5315.60009765625,5230.4599609375,5296.080078125,105517800
2019-08-06,5234.64990234375,5297.4501953125,5234.64990234375,5245.52001953125,88253800
2019-08-07,5266.509765625,5312.31005859375,5226.39013671875,5252.72998046875,89433100
2019-08-08,5387.9599609375,5387.9599609375,5305.85986328125,5333.18017578125,79249600
2019-08-09,5327.919921875,5374.89990234375,5317.91015625,5368.83984375,71097900
2019-08-12,5310.31005859375,5386.4599609375,5293.759765625,5362.39013671875,60267400
2019-08-13,5363.06982421875,5402.990234375,5268.47021484375,5292.93994140625,99386900
2019-08-14,5251.2998046875,5367.5400390625,5233.85986328125,5367.5400390625,97168500
2019-08-15,5236.93017578125,5278.06982421875,5170.77001953125,5274.89990234375,88556700
2019-08-16,5300.7900390625,5306.06982421875,5249.330078125,5254.6201171875,99103700
2019-08-19,5371.56005859375,5378.740234375,5325.72021484375,5333.1298828125,71538300
2019-08-20,5344.64013671875,5391.22998046875,5328.93994140625,5363.58984375,65790300
2019-08-21,5435.47998046875,5441.35009765625,5360.02978515625,5360.02978515625,57209100
2019-08-22,5388.25,5439.64013671875,5378.25,5414.81005859375,70434200
2019-08-23,5326.8701171875,5421.27978515625,5326.8701171875,5413.41015625,70292400
2019-08-26,5351.02001953125,5377.02001953125,5300.990234375,5310.16015625,49092000
2019-08-27,5387.08984375,5399.18017578125,5321.8798828125,5349.85009765625,70020000
2019-08-28,5368.7998046875,5375.0400390625,5322.990234375,5372.080078125,62433900
2019-08-29,5449.97021484375,5452.89990234375,5354.5498046875,5359.0,69419100
2019-08-30,5480.47998046875,5504.009765625,5446.580078125,5451.60009765625,78422900
2019-09-02,5493.0400390625,5502.580078125,5479.81982421875,5483.43017578125,42347400
2019-09-03,5466.06982421875,5484.5400390625,5441.18017578125,5484.35986328125,57453400
2019-09-04,5532.06982421875,5537.10009765625,5508.5,5518.919921875,60939800
2019-09-05,5593.3701171875,5605.8798828125,5559.81982421875,5569.58984375,84379600
2019-09-06,5603.990234375,5610.7001953125,5581.5400390625,5592.06982421875,71138100
2019-09-09,5588.9501953125,5611.58984375,5579.93017578125,5606.35986328125,73880200
2019-09-10,5593.2099609375,5596.93994140625,5555.509765625,5586.8798828125,106338200
2019-09-11,5618.06005859375,5626.0498046875,5606.43017578125,5606.43017578125,92098300
2019-09-12,5642.85986328125,5667.4599609375,5596.3701171875,5633.9501953125,110360200
2019-09-13,5655.4599609375,5672.06982421875,5638.169921875,5649.22998046875,85595400
2019-09-16,5602.22998046875,5632.740234375,5602.22998046875,5626.60986328125,76134900
2019-09-17,5615.509765625,5619.4501953125,5587.740234375,5602.9599609375,82367800
2019-09-18,5620.64990234375,5634.7900390625,5601.64990234375,5609.919921875,68987800
2019-09-19,5659.080078125,5662.85986328125,5616.91015625,5617.7001953125,78682000
2019-09-20,5690.77978515625,5696.25,5647.52978515625,5655.3701171875,188623500
2019-09-23,5630.759765625,5683.93017578125,5619.2900390625,5679.31005859375,81625000
2019-09-24,5628.330078125,5648.4599609375,5625.240234375,5644.4599609375,67257400
2019-09-25,5583.7998046875,5600.759765625,5531.6201171875,5598.5,80836400
2019-09-26,5620.56982421875,5632.14990234375,5572.41015625,5573.6298828125,71044800
2019-09-27,5640.580078125,5645.35986328125,5621.580078125,5627.43994140625,69249200
2019-09-30,5677.7900390625,5678.2001953125,5624.93994140625,5636.14990234375,77126700
2019-10-01,5597.6298828125,5704.93017578125,5594.93017578125,5696.2001953125,75964100
2019-10-02,5422.77001953125,5589.2001953125,5422.77001953125,5587.14013671875,104451600
2019-10-03,5438.77001953125,5472.6201171875,5393.490234375,5432.009765625,83768700
2019-10-04,5488.31982421875,5488.31982421875,5426.0,5456.830078125,76196900
2019-10-07,5521.60986328125,5524.18994140625,5461.58984375,5476.77001953125,60954000
2019-10-08,5456.6201171875,5531.2900390625,5451.72021484375,5526.009765625,72687700
2019-10-09,5499.14013671875,5515.64013671875,5447.009765625,5458.16015625,69267500
2019-10-10,5569.0498046875,5581.06982421875,5487.169921875,5520.97998046875,87261800
2019-10-11,5665.47998046875,5667.39990234375,5574.259765625,5576.9501953125,115452700
2019-10-14,5643.080078125,5649.669921875,5600.10986328125,5646.330078125,65357900
2019-10-15,5702.0498046875,5724.31005859375,5659.68994140625,5676.740234375,88007900
2019-10-16,5696.89990234375,5708.91015625,5677.9599609375,5703.39013671875,83929000
2019-10-17,5673.06982421875,5737.14990234375,5673.06982421875,5679.919921875,88695900
2019-10-18,5636.25,5667.58984375,5621.8701171875,5653.080078125,95316900
2019-10-21,5648.35009765625,5664.580078125,5625.10009765625,5633.0400390625,77639300
2019-10-22,5657.68994140625,5658.64990234375,5612.85986328125,5644.97998046875,67301500
2019-10-23,5653.43994140625,5657.64990234375,5616.02001953125,5617.2998046875,75280000
2019-10-24,5684.330078125,5691.5,5659.9501953125,5678.259765625,83627900
2019-10-25,5722.14990234375,5722.64013671875,5671.81982421875,5694.89990234375,71714000
2019-10-28,5730.56982421875,5747.10009765625,5711.10009765625,5720.72998046875,69809000
2019-10-29,5740.14013671875,5742.080078125,5715.259765625,5728.10009765625,74571800
2019-10-30,5765.8701171875,5765.8701171875,5720.27001953125,5749.68994140625,90959100
2019-10-31,5729.85986328125,5778.240234375,5718.6298828125,5770.259765625,112062300
2019-11-01,5761.89013671875,5778.2900390625,5739.7001953125,5749.47998046875,65867300
2019-11-04,5824.2998046875,5833.68994140625,5784.85009765625,5788.35986328125,86434000
2019-11-05,5846.89013671875,5850.009765625,5818.93994140625,5825.60009765625,78408500
2019-11-06,5866.740234375,5876.27001953125,5838.39990234375,5847.60986328125,86948200
2019-11-07,5890.990234375,5894.8701171875,5871.18017578125,5888.83984375,105688900
2019-11-08,5889.7001953125,5889.7001953125,5861.60986328125,5867.419921875,94387100
2019-11-11,5893.81982421875,5906.330078125,5871.7099609375,5873.740234375,60606400
2019-11-12,5919.75,5931.18994140625,5897.2998046875,5904.27001953125,72093200
2019-11-13,5907.08984375,5917.56982421875,5874.06005859375,5908.16015625,76988600
2019-11-14,5901.080078125,5916.89990234375,5894.06982421875,5902.39990234375,67172300
2019-11-15,5939.27001953125,5947.6201171875,5907.9501953125,5933.06982421875,74070300
2019-11-18,5929.7900390625,5942.47021484375,5900.35009765625,5939.64013671875,70805300
2019-11-19,5909.0498046875,5966.7900390625,5895.91015625,5936.990234375,72290900
2019-11-20,5894.02978515625,5902.9501953125,5859.580078125,5880.68994140625,74180900
2019-11-21,5881.2099609375,5895.56982421875,5834.259765625,5860.5498046875,76235300
2019-11-22,5893.1298828125,5930.4599609375,5885.60986328125,5885.60986328125,75146000
2019-11-25,5924.85986328125,5933.75,5908.2900390625,5917.83984375,62132600
2019-11-26,5929.6201171875,5941.509765625,5909.93017578125,5927.41015625,112044300
2019-11-27,5926.83984375,5947.2998046875,5921.919921875,5943.4501953125,68032200
2019-11-28,5912.72021484375,5919.1298828125,5900.2099609375,5909.9501953125,42729800
2019-11-29,5905.169921875,5929.7900390625,5885.66015625,5895.89013671875,61639300
2019-12-02,5786.740234375,5947.68017578125,5781.02978515625,5910.1201171875,99392100
2019-12-03,5727.22021484375,5800.93017578125,5697.06005859375,5787.14013671875,86293300
2019-12-04,5799.68017578125,5812.7099609375,5725.97021484375,5725.97021484375,89688600
2019-12-05,5801.5498046875,5849.77978515625,5801.4599609375,5808.259765625,73424300
2019-12-06,5871.91015625,5871.91015625,5811.2900390625,5815.75,75933300
2019-12-09,5837.25,5870.7900390625,5836.14013671875,5865.72998046875,56245200
2019-12-10,5848.02978515625,5851.10986328125,5776.669921875,5833.47998046875,73070100
2019-12-11,5860.8798828125,5865.8798828125,5825.419921875,5844.02001953125,62940400
2019-12-12,5884.259765625,5915.64990234375,5845.0,5871.2001953125,91513000
2019-12-13,5919.02001953125,5972.169921875,5907.22021484375,5968.85986328125,113199500
2019-12-16,5991.66015625,6003.3798828125,5942.2998046875,5946.64990234375,77242800
2019-12-17,5968.259765625,5989.47998046875,5955.35986328125,5989.47998046875,84477400
2019-12-18,5959.60009765625,5983.02001953125,5959.60009765625,5971.39990234375,80799300
2019-12-19,5972.27978515625,5972.27978515625,5942.8798828125,5963.8701171875,72322800
2019-12-20,6021.52978515625,6024.169921875,5966.8798828125,5979.52978515625,151362500
2019-12-23,6029.3701171875,6035.9501953125,6005.9599609375,6013.56005859375,46603900
2019-12-24,6029.5498046875,6033.990234375,6025.6201171875,6027.18994140625,12440900
2019-12-27,6037.39013671875,6065.0,6027.72021484375,6039.9501953125,47289800
2019-12-30,5982.22021484375,6037.7001953125,5982.22021484375,6028.9599609375,40318700
2019-12-31,5978.06005859375,5987.22021484375,5958.25,5970.58984375,20670000
2020-01-02,6041.5,6062.919921875,6011.2099609375,6016.60986328125,63958300
2020-01-03,6044.16015625,6044.16015625,5994.58984375,6007.9599609375,60488000
2020-01-06,6013.58984375,6017.97021484375,5955.25,6001.2099609375,69063700
2020-01-07,6012.35009765625,6065.740234375,6000.0,6033.22021484375,69593800
2020-01-08,6031.0,6031.0,5972.77001953125,5986.81005859375,71431600
2020-01-09,6042.5498046875,6071.66015625,6034.14990234375,6066.75,67961100
2020-01-10,6037.10986328125,6057.830078125,6028.2900390625,6056.740234375,64393300
2020-01-13,6036.14013671875,6058.68994140625,6018.330078125,6040.91015625,65192400
2020-01-14,6040.89013671875,6046.1201171875,5980.0498046875,6037.4501953125,75439500
2020-01-15,6032.60986328125,6053.009765625,6011.27978515625,6042.72021484375,79851500
2020-01-16,6039.02978515625,6058.97021484375,6021.02978515625,6039.6201171875,76032900
2020-01-17,6100.72021484375,6109.81005859375,6066.2900390625,6066.2900390625,79316600
2020-01-20,6078.5400390625,6094.08984375,6071.169921875,6092.97021484375,41270000
2020-01-21,6045.990234375,6045.990234375,5994.169921875,6034.240234375,63922800
2020-01-22,6010.97998046875,6069.259765625,6005.77001953125,6053.85009765625,69408800
2020-01-23,5971.7900390625,6024.31982421875,5961.8701171875,5992.47021484375,90037200
2020-01-24,6024.259765625,6064.5498046875,6016.77001953125,6019.60009765625,82330600
2020-01-27,5863.02001953125,5942.830078125,5851.0,5924.06005859375,104036300
2020-01-28,5925.81982421875,5933.72021484375,5857.22998046875,5886.81005859375,84491600
2020-01-29,5954.89013671875,5969.72998046875,5916.22998046875,5921.97021484375,74107000
2020-01-30,5871.77001953125,5904.080078125,5846.4501953125,5886.02001953125,89992200
2020-01-31,5806.33984375,5894.68994140625,5799.0400390625,5891.7099609375,101862600
2020-02-03,5832.509765625,5857.39990234375,5804.14013671875,5822.0400390625,75677800
2020-02-04,5935.0498046875,5935.0498046875,5862.81982421875,5863.35986328125,85595000
2020-02-05,5985.39990234375,6004.330078125,5912.490234375,5919.06005859375,107839000
2020-02-06,6038.18017578125,6050.93994140625,6008.5498046875,6045.0400390625,106153100
2020-02-07,6029.75,6044.97021484375,5999.9501953125,6027.5400390625,82348500
2020-02-10,6015.669921875,6018.31005859375,5993.91015625,6008.47998046875,65703100
2020-02-11,6054.759765625,6060.97021484375,6032.7900390625,6047.9599609375,81568400
2020-02-12,6104.72998046875,6104.72998046875,6062.97021484375,6064.25,92681200
2020-02-13,6093.14013671875,6098.259765625,6028.27978515625,6076.919921875,92665700
2020-02-14,6069.35009765625,6096.06982421875,6067.14013671875,6096.06982421875,77985500
2020-02-17,6085.9501953125,6088.60009765625,6064.919921875,6079.52978515625,58001900
2020-02-18,6056.81982421875,6079.5,6039.93994140625,6042.3798828125,89930300
2020-02-19,6111.240234375,6111.41015625,6072.66015625,6086.10986328125,80156900
2020-02-20,6062.2998046875,6110.9501953125,6062.2998046875,6105.169921875,91055800
2020-02-21,6029.72021484375,6067.2900390625,5995.14013671875,6035.02978515625,97327600
2020-02-24,5791.8701171875,5884.85986328125,5765.169921875,5875.85986328125,175269600
2020-02-25,5679.68017578125,5828.4599609375,5670.7099609375,5825.3701171875,143623800
2020-02-26,5684.5498046875,5707.31005859375,5526.14013671875,5646.14013671875,161976300
2020-02-27,5495.60009765625,5613.72021484375,5421.31005859375,5571.72021484375,216328100
2020-02-28,5309.89990234375,5376.0498046875,5229.56005859375,5310.81982421875,268468000
2020-03-02,5333.52001953125,5430.0498046875,5197.56982421875,5416.02001953125,201844000
2020-03-03,5393.169921875,5509.27978515625,5371.66015625,5408.14990234375,186265500
2020-03-04,5464.89013671875,5493.25,5357.35009765625,5400.43017578125,152463500
2020-03-05,5361.10009765625,5494.16015625,5329.240234375,5490.52001953125,155475900
2020-03-06,5139.10986328125,5284.080078125,5117.56982421875,5253.81982421875,198425500
2020-03-09,4707.91015625,4863.33984375,4691.2001953125,4845.27001953125,329160800
2020-03-10,4636.60986328125,4924.83984375,4615.16015625,4770.6201171875,280309600
2020-03-11,4610.25,4766.0,4603.0498046875,4716.22021484375,206895800
2020-03-12,4044.260009765625,4404.259765625,4025.889892578125,4374.669921875,371403200
2020-03-13,4118.35986328125,4438.509765625,4055.18994140625,4234.3701171875,326461800
2020-03-16,3881.4599609375,3962.010009765625,3632.06005859375,3886.820068359375,311603900
2020-03-17,3991.780029296875,4042.4599609375,3759.0,4041.330078125,225787000
2020-03-18,3754.840087890625,3908.719970703125,3726.449951171875,3905.530029296875,214274700
2020-03-19,3855.5,3909.14990234375,3691.080078125,3833.989990234375,199534100
2020-03-20,4048.800048828125,4109.10986328125,3984.300048828125,4066.7900390625,271872900
2020-03-23,3914.31005859375,4097.81982421875,3851.169921875,3869.010009765625,195845200
2020-03-24,4242.7001953125,4242.7001953125,4038.06005859375,4087.610107421875,185439800
2020-03-25,4432.2998046875,4453.009765625,4221.31982421875,4339.7099609375,176942500
2020-03-26,4543.580078125,4543.580078125,4296.06005859375,4332.7900390625,150657300
2020-03-27,4351.490234375,4471.3701171875,4288.66015625,4433.9501953125,144021100
2020-03-30,4378.509765625,4379.14990234375,4216.41015625,4362.08984375,119404100
2020-03-31,4396.1201171875,4468.52001953125,4309.72021484375,4437.77978515625,151397700
2020-04-01,4207.240234375,4266.68994140625,4186.4501953125,4259.93994140625,141856100
2020-04-02,4220.9599609375,4265.56005859375,4143.16015625,4243.83984375,135203200
2020-04-03,4154.580078125,4214.58984375,4142.27978515625,4204.81005859375,124037700
2020-04-06,4346.14013671875,4353.2099609375,4268.52001953125,4298.5,141469800
2020-04-07,4438.27001953125,4527.60009765625,4379.27001953125,4489.39990234375,146543100
2020-04-08,4442.75,4442.75,4333.08984375,4397.35986328125,96256500
2020-04-09,4506.85009765625,4543.68994140625,4409.0400390625,4512.2998046875,126589000
2020-04-14,4523.91015625,4577.83984375,4497.56005859375,4553.5498046875,104764600
2020-04-15,4353.72021484375,4525.5,4335.58984375,4511.8701171875,119358000
2020-04-16,4350.16015625,4418.64990234375,4318.89990234375,4402.3798828125,107745200
2020-04-17,4499.009765625,4550.77978515625,4464.08984375,4470.919921875,134393000
2020-04-20,4528.2998046875,4531.33984375,4426.240234375,4531.33984375,79833400
2020-04-21,4357.4599609375,4477.31005859375,4357.4599609375,4467.490234375,98896700
2020-04-22,4411.7998046875,4417.56982421875,4361.43994140625,4382.2001953125,84195800
2020-04-23,4451.0,4495.89990234375,4395.75,4450.18994140625,90083500
2020-04-24,4393.31982421875,4448.72998046875,4366.08984375,4387.02978515625,81295300
2020-04-27,4505.259765625,4505.259765625,4448.0498046875,4479.85986328125,75900400
2020-04-28,4569.7900390625,4601.93994140625,4493.509765625,4507.419921875,104388900
2020-04-29,4671.10986328125,4678.93017578125,4552.81005859375,4566.2900390625,111685100
2020-04-30,4572.18017578125,4719.740234375,4554.91015625,4693.27978515625,141611100
2020-05-04,4378.22998046875,4427.740234375,4362.1298828125,4413.14013671875,124810600
2020-05-05,4483.1298828125,4492.52001953125,4419.9501953125,4455.740234375,93373300
2020-05-06,4433.3798828125,4484.16015625,4425.77978515625,4484.16015625,83242500
2020-05-07,4501.43994140625,4503.93994140625,4440.97998046875,4456.43994140625,78225400
2020-05-08,4549.64013671875,4560.18994140625,4519.58984375,4538.08984375,49408600
2020-05-11,4490.22021484375,4569.759765625,4460.240234375,4561.18994140625,83493200
2020-05-12,4472.5,4499.39013671875,4453.64990234375,4473.43017578125,99269700
2020-05-13,4344.9501953125,4422.740234375,4336.56005859375,4420.5,103285300
2020-05-14,4273.1298828125,4313.259765625,4194.580078125,4294.009765625,127632000
2020-05-15,4277.6298828125,4335.77001953125,4255.18994140625,4314.97021484375,111236400
2020-05-18,4498.33984375,4508.9501953125,4354.72998046875,4361.02978515625,119506400
2020-05-19,4458.16015625,4536.06982421875,4421.10986328125,4536.06982421875,138767200
2020-05-20,4496.97998046875,4499.7900390625,4396.2001953125,4434.6201171875,107244100
2020-05-21,4445.4501953125,4498.080078125,4429.27001953125,4443.919921875,88243500
2020-05-22,4444.56005859375,4475.35009765625,4368.7998046875,4381.81982421875,99188200
2020-05-25,4539.91015625,4539.91015625,4451.56005859375,4482.5400390625,65971900
2020-05-26,4606.240234375,4619.83984375,4573.89013671875,4588.2998046875,140172500
2020-05-27,4688.740234375,4711.990234375,4614.41015625,4621.77001953125,177960100
2020-05-28,4771.39013671875,4784.08984375,4701.52001953125,4718.10986328125,127442900
2020-05-29,4695.43994140625,4768.85009765625,4695.35986328125,4733.97998046875,167179700
2020-06-01,4762.77978515625,4782.02978515625,4721.6298828125,4776.72021484375,75978000
2020-06-02,4858.97021484375,4880.14990234375,4795.27978515625,4799.8798828125,126839400
2020-06-03,5022.3798828125,5026.4501953125,4909.990234375,4911.4501953125,160112800
2020-06-04,5011.97998046875,5052.75,4966.81982421875,4994.18017578125,138794600
2020-06-05,5197.7900390625,5199.64990234375,5060.919921875,5060.919921875,186841500
2020-06-08,5175.52001953125,5213.669921875,5137.2001953125,5159.2998046875,152914400
2020-06-09,5095.10986328125,5203.419921875,5053.2099609375,5187.08984375,160534800
2020-06-10,5053.419921875,5152.4501953125,5043.56982421875,5119.85986328125,121335100
2020-06-11,4815.60009765625,4956.2998046875,4815.60009765625,4925.9501953125,161274600
2020-06-12,4839.259765625,4940.7900390625,4759.169921875,4774.10986328125,133164300
2020-06-15,4815.72021484375,4841.52978515625,4691.81005859375,4716.97998046875,111889900
2020-06-16,4952.4599609375,5006.7900390625,4887.56005859375,4922.7900390625,144445800
2020-06-17,4995.97021484375,5026.83984375,4952.56982421875,4952.56982421875,107060900
2020-06-18,4958.75,5017.18017578125,4908.60009765625,4978.2998046875,101195000
2020-06-19,4979.4501953125,5040.47021484375,4979.4501953125,4997.52978515625,219575400
2020-06-22,4948.7001953125,5006.39990234375,4902.06005859375,4928.009765625,84695500
2020-06-23,5017.68017578125,5046.31005859375,4962.60009765625,4972.8798828125,101534900
2020-06-24,4871.35986328125,5004.0400390625,4871.35986328125,4985.6298828125,97104300
2020-06-25,4918.580078125,4941.9599609375,4795.0498046875,4860.16015625,99381800
2020-06-26,4909.64013671875,5014.830078125,4908.14990234375,4965.72021484375,83954200
2020-06-29,4945.4599609375,4977.6298828125,4867.330078125,4887.22998046875,94421100
2020-06-30,4935.990234375,4967.35009765625,4901.9599609375,4958.93994140625,102399800
2020-07-01,4926.93994140625,4963.3701171875,4851.3701171875,4939.7998046875,94498400
2020-07-02,5049.3798828125,5072.7099609375,4956.66015625,4963.1298828125,115448500
2020-07-03,5007.14013671875,5062.509765625,4982.240234375,5056.669921875,61984900
2020-07-06,5081.509765625,5121.72021484375,5059.06982421875,5112.5,88519700
2020-07-07,5043.72998046875,5056.52001953125,5009.02978515625,5054.0400390625,75993100
2020-07-08,4981.1298828125,5040.52001953125,4969.830078125,5004.81982421875,79877900
2020-07-09,4921.009765625,5014.85009765625,4911.56005859375,5006.52001953125,83118100
2020-07-10,4970.47998046875,4974.3701171875,4882.5,4891.60986328125,82357100
2020-07-13,5056.22998046875,5060.43017578125,4980.1201171875,5026.2001953125,75191300
2020-07-14,5007.4599609375,5007.4599609375,4941.72998046875,4990.47998046875,83503800
2020-07-15,5108.97998046875,5145.330078125,5039.18994140625,5045.919921875,97819900
2020-07-16,5085.27978515625,5105.1201171875,5048.31982421875,5076.52001953125,69535800
2020-07-17,5069.419921875,5091.1298828125,5045.06982421875,5088.0,82550600
2020-07-20,5093.18017578125,5100.7900390625,5015.10986328125,5058.47998046875,65186800
2020-07-21,5104.27978515625,5172.97998046875,5097.419921875,5129.77978515625,85782100
2020-07-22,5037.1201171875,5099.2900390625,5028.47998046875,5098.47998046875,75799200
2020-07-23,5033.759765625,5083.97021484375,5019.2099609375,5064.72021484375,79473700
2020-07-24,4956.43017578125,4982.1201171875,4925.41015625,4973.72998046875,76465000
2020-07-27,4939.6201171875,4957.77001953125,4923.18994140625,4944.2998046875,74167000
2020-07-28,4928.93994140625,4950.009765625,4893.6298828125,4930.10009765625,78674500
2020-07-29,4958.740234375,4978.5,4945.580078125,4948.47998046875,75517100
2020-07-30,4852.93994140625,4952.3798828125,4801.02001953125,4952.080078125,137065700
2020-07-31,4783.68994140625,4902.89990234375,4783.68994140625,4866.240234375,129676300
2020-08-03,4875.93017578125,4899.52001953125,4763.60009765625,4797.06005859375,104619900
2020-08-04,4889.52001953125,4920.7998046875,4856.64990234375,4905.66015625,86945300
2020-08-05,4933.33984375,4954.60009765625,4907.41015625,4916.9599609375,74970100
2020-08-06,4885.1298828125,4951.85986328125,4860.97998046875,4919.41015625,80015300
2020-08-07,4889.52001953125,4896.2099609375,4843.89990234375,4873.10009765625,62365400
2020-08-10,4909.509765625,4937.6298828125,4878.580078125,4905.27001953125,62044500
2020-08-11,5027.990234375,5052.1201171875,4949.0498046875,4952.41015625,97809400
2020-08-12,5073.31005859375,5096.52978515625,5010.7998046875,5017.72998046875,76792800
2020-08-13,5042.3798828125,5079.02001953125,5037.5498046875,5055.419921875,57693500
2020-08-14,4962.93017578125,5018.9501953125,4921.580078125,5018.9501953125,66383400
2020-08-17,4971.93994140625,4995.5498046875,4937.72021484375,4972.58984375,51855600
2020-08-18,4938.06005859375,5001.2900390625,4924.14990234375,4951.97998046875,60466700
2020-08-19,4977.22998046875,4977.22998046875,4917.52978515625,4934.7900390625,53103600
2020-08-20,4911.240234375,4937.9501953125,4888.14990234375,4914.68994140625,66410900
2020-08-21,4896.330078125,4939.25,4839.080078125,4927.60986328125,72886800
2020-08-24,5007.89013671875,5013.7001953125,4948.7099609375,4948.7099609375,68837200
2020-08-25,5008.27001953125,5073.60986328125,5008.27001953125,5023.06005859375,64060000
2020-08-26,5048.43017578125,5050.10009765625,4977.93994140625,4991.6298828125,49317700
2020-08-27,5015.97021484375,5052.259765625,5005.4599609375,5052.259765625,67454700
2020-08-28,5002.93994140625,5031.52978515625,4970.64013671875,5031.31005859375,71208000
2020-08-31,4947.22021484375,5067.5498046875,4942.18017578125,5041.33984375,97432500
2020-09-01,4938.10009765625,4993.56005859375,4892.830078125,4974.419921875,91322100
2020-09-02,5031.740234375,5062.009765625,4959.64013671875,4969.6201171875,86998900
2020-09-03,5009.52001953125,5131.39013671875,4982.33984375,5074.64013671875,93616800
2020-09-04,4965.06982421875,5068.8798828125,4928.7900390625,4974.68994140625,108586000
2020-09-07,5053.72021484375,5064.64013671875,4979.8701171875,4979.8701171875,61686000
2020-09-08,4973.52001953125,5061.60009765625,4935.3798828125,5052.8798828125,85589800
2020-09-09,5042.97998046875,5058.35009765625,4973.35986328125,4980.4599609375,86318500
2020-09-10,5023.93017578125,5062.89013671875,5005.83984375,5039.47998046875,70699400
2020-09-11,5034.14013671875,5053.6298828125,4997.85986328125,5014.97021484375,70572900
2020-09-14,5051.8798828125,5087.52001953125,5034.91015625,5071.8701171875,57540800
2020-09-15,5067.93017578125,5087.990234375,5035.10009765625,5056.89990234375,79316700
2020-09-16,5074.419921875,5091.52001953125,5029.56005859375,5065.75,81456400
2020-09-17,5039.5,5053.31982421875,4995.64990234375,5005.89013671875,85821100
2020-09-18,4978.18017578125,5041.330078125,4978.18017578125,5035.93994140625,279158000
2020-09-21,4792.0400390625,4949.759765625,4779.2099609375,4949.759765625,128894100
2020-09-22,4772.83984375,4827.0,4772.83984375,4809.56982421875,92909500
2020-09-23,4802.259765625,4871.4501953125,4802.259765625,4824.169921875,86947200
2020-09-24,4762.6201171875,4806.830078125,4744.0400390625,4746.10009765625,97836800
2020-09-25,4729.66015625,4758.0498046875,4666.259765625,4754.81005859375,96957900
2020-09-28,4843.27001953125,4849.97021484375,4788.18017578125,4806.14013671875,96864500
2020-09-29,4832.06982421875,4846.6298828125,4806.4501953125,4832.8701171875,73788000
2020-09-30,4803.43994140625,4854.02001953125,4782.68994140625,4793.18994140625,98788900
2020-10-01,4824.0400390625,4871.830078125,4804.77001953125,4850.2001953125,90319600
2020-10-02,4824.8798828125,4824.8798828125,4757.22021484375,4769.43017578125,78027700
2020-10-05,4871.8701171875,4876.85986328125,4842.259765625,4863.6298828125,73984600
2020-10-06,4895.4599609375,4925.7099609375,4850.35986328125,4881.7998046875,88768400
2020-10-07,4882.0,4915.6298828125,4865.259765625,4888.490234375,90531200
2020-10-08,4911.93994140625,4936.0400390625,4877.10009765625,4910.490234375,76900000
2020-10-09,4946.81005859375,4954.02001953125,4918.06005859375,4925.41015625,82326900
2020-10-12,4979.2900390625,4998.509765625,4944.0,4952.47021484375,74090900
2020-10-13,4947.60986328125,4976.580078125,4928.64013671875,4976.27978515625,81146200
2020-10-14,4941.66015625,4965.31982421875,4928.43017578125,4956.68994140625,71558400
2020-10-15,4837.419921875,4881.31005859375,4808.580078125,4873.02978515625,106038500
2020-10-16,4935.85986328125,4957.60009765625,4875.759765625,4904.10009765625,103413300
2020-10-19,4942.6201171875,4993.39013671875,4881.4599609375,4955.39013671875,44905900
2020-10-20,4929.27978515625,4968.60986328125,4914.490234375,4932.8701171875,89484700
2020-10-21,4853.9501953125,4945.330078125,4849.009765625,4945.330078125,77277800
2020-10-22,4851.3798828125,4873.89990234375,4783.64990234375,4830.43994140625,89673900
2020-10-23,4909.64013671875,4934.7099609375,4843.14013671875,4843.27978515625,80388100
2020-10-26,4816.1201171875,4896.47021484375,4814.990234375,4844.64013671875,0
2020-10-27,4730.66015625,4818.97998046875,4723.7001953125,4818.97998046875,0
2020-10-28,4571.1201171875,4640.6298828125,4521.60986328125,4635.18994140625,0
2020-10-29,4569.669921875,4606.72021484375,4512.56982421875,4571.1298828125,0
2020-10-30,4594.240234375,4601.740234375,4519.3701171875,4519.3701171875,0
2020-11-02,4691.14013671875,4705.10986328125,4581.85986328125,4614.9501953125,0
2020-11-03,4805.60986328125,4812.2900390625,4730.22998046875,4743.85986328125,0
2020-11-04,4922.85009765625,4926.56005859375,4730.31005859375,4736.4599609375,0
2020-11-05,4983.990234375,4998.18994140625,4942.18017578125,4956.02001953125,0
2020-11-06,4960.8798828125,4997.740234375,4915.240234375,4964.259765625,0
2020-11-09,5336.31982421875,5387.490234375,5021.330078125,5036.919921875,0
2020-11-10,5418.97021484375,5439.080078125,5327.22021484375,5351.31005859375,0
2020-11-11,5445.2099609375,5462.9501953125,5408.669921875,5433.66015625,0
2020-11-12,5362.56982421875,5421.39990234375,5348.6298828125,5394.3701171875,0
2020-11-13,5380.16015625,5411.1201171875,5343.25,5343.31982421875,0
2020-11-16,5471.47998046875,5518.91015625,5402.31005859375,5430.56982421875,0
2020-11-17,5483.0,5487.31005859375,5441.259765625,5468.2900390625,0
2020-11-18,5511.4501953125,5521.009765625,5452.1201171875,5468.169921875,0
2020-11-19,5474.66015625,5490.18017578125,5449.4501953125,5458.02001953125,0
2020-11-20,5495.89013671875,5524.25,5461.39013671875,5463.990234375,0
2020-11-23,5492.14990234375,5555.830078125,5492.14990234375,5543.830078125,95986700
2020-11-24,5558.419921875,5574.68994140625,5536.10986328125,5546.06982421875,0
2020-11-25,5571.2900390625,5589.77978515625,5545.009765625,5577.97021484375,0
2020-11-26,5566.7900390625,5592.77978515625,5559.72021484375,5589.3798828125,65753800
2020-11-27,5598.18017578125,5612.759765625,5556.6201171875,5563.0400390625,84633600
2020-11-30,5518.5498046875,5599.93994140625,5518.5498046875,5564.16015625,0
2020-12-01,5581.64013671875,5589.68017578125,5529.25,5542.4599609375,0
2020-12-02,5583.009765625,5585.8701171875,5549.7900390625,5563.0498046875,0
2020-12-03,5574.35986328125,5584.10009765625,5546.2900390625,5581.52978515625,0
2020-12-04,5609.14990234375,5616.6201171875,5574.1201171875,5574.1201171875,0
2020-12-07,5573.3798828125,5595.830078125,5535.419921875,5594.5,86156600
2020-12-08,5560.669921875,5574.56982421875,5521.8701171875,5553.7900390625,0
2020-12-09,5546.81982421875,5599.41015625,5545.93994140625,5590.18994140625,90861600
2020-12-10,5549.64990234375,5572.7998046875,5511.47998046875,5558.9599609375,0
2020-12-11,5507.5498046875,5532.81005859375,5466.56005859375,5528.14013671875,96872800
2020-12-14,5527.83984375,5577.18017578125,5527.83984375,5547.2998046875,0
2020-12-15,5530.31005859375,5565.52001953125,5517.06005859375,5521.7900390625,0
2020-12-16,5547.68017578125,5589.759765625,5515.5,5551.4501953125,0
2020-12-17,5549.4599609375,5585.509765625,5547.58984375,5578.7900390625,0
2020-12-18,5527.83984375,5581.9599609375,5519.169921875,5533.77978515625,173234900
2020-12-21,5393.33984375,5422.10009765625,5306.580078125,5392.5498046875,122849400
2020-12-22,5466.85986328125,5477.8701171875,5411.14990234375,5411.14990234375,0
2020-12-23,5527.58984375,5539.16015625,5472.02978515625,5472.14013671875,59208500
2020-12-24,5522.009765625,5545.7099609375,5517.009765625,5542.490234375,0
2020-12-28,5588.3798828125,5601.0,5547.89990234375,5562.0400390625,44706900
2020-12-29,5611.7900390625,5625.52001953125,5603.740234375,5610.1298828125,0
2020-12-30,5599.41015625,5625.60009765625,5594.10986328125,5603.72021484375,35280300
2020-12-31,5551.41015625,5598.93017578125,5551.41015625,5573.2001953125,0
2021-01-04,5588.9599609375,5656.419921875,5567.97021484375,5614.0400390625,82741000
2021-01-05,5564.60009765625,5603.66015625,5530.47998046875,5561.60009765625,79263400
2021-01-06,5630.60009765625,5648.419921875,5553.39013671875,5601.009765625,116286300
2021-01-07,5669.85009765625,5689.27978515625,5629.490234375,5651.0400390625,91729600
2021-01-08,5706.8798828125,5721.89013671875,5676.14990234375,5711.580078125,87558400
2021-01-11,5662.43017578125,5704.08984375,5629.4599609375,5684.66015625,76382800
2021-01-12,5650.97021484375,5679.06005859375,5636.75,5672.2001953125,73935200
2021-01-13,5662.669921875,5679.06982421875,5643.75,5648.9599609375,109764000
2021-01-14,5681.14013671875,5690.490234375,5656.75,5662.169921875,104615600
2021-01-15,5611.68994140625,5656.4501953125,5563.740234375,5648.7001953125,127619000
2021-01-18,5617.27001953125,5618.419921875,5584.58984375,5584.85009765625,62122300
2021-01-19,5598.60986328125,5655.22021484375,5592.2001953125,5647.75,89498100
2021-01-20,5628.43994140625,5646.06005859375,5602.490234375,5615.41015625,78552400
2021-01-21,5590.7900390625,5665.97998046875,5589.7998046875,5660.27001953125,87605000
2021-01-22,5559.56982421875,5573.7099609375,5511.43994140625,5568.8798828125,89454700
2021-01-25,5472.35986328125,5584.39990234375,5453.240234375,5579.72998046875,103153900
2021-01-26,5523.52001953125,5555.27978515625,5471.08984375,5473.25,84017800
2021-01-27,5459.6201171875,5545.4501953125,5401.43017578125,5517.52978515625,123358200
2021-01-28,5510.52001953125,5525.9501953125,5379.22021484375,5407.740234375,113180800
2021-01-29,5399.2099609375,5474.7998046875,5399.2099609375,5421.52978515625,109393800
2021-02-01,5461.68017578125,5481.669921875,5429.77978515625,5441.43017578125,75051100
2021-02-02,5563.10986328125,5574.77001953125,5509.240234375,5510.6201171875,92321700
2021-02-03,5563.0498046875,5626.41015625,5554.08984375,5610.58984375,81321400
2021-02-04,5608.5400390625,5613.9501953125,5566.580078125,5568.39013671875,84653400
2021-02-05,5659.259765625,5673.02978515625,5627.83984375,5638.740234375,90026000
2021-02-08,5686.02978515625,5714.27978515625,5673.6298828125,5688.68017578125,75598300
2021-02-09,5691.5400390625,5703.52978515625,5674.43017578125,5703.52978515625,74734600
2021-02-10,5670.7998046875,5719.31982421875,5647.27978515625,5719.31982421875,80605800
2021-02-11,5669.81982421875,5692.0,5656.7998046875,5684.93994140625,85822100
2021-02-12,5703.669921875,5705.02001953125,5627.990234375,5651.669921875,74872400
2021-02-15,5786.25,5801.3798828125,5722.16015625,5732.2998046875,95598000
2021-02-16,5786.52978515625,5797.919921875,5768.9599609375,5796.43017578125,69738200
2021-02-17,5765.83984375,5790.27001953125,5752.85009765625,5762.009765625,89772300
2021-02-18,5728.330078125,5779.009765625,5720.580078125,5757.75,95205800
2021-02-19,5773.5498046875,5784.89990234375,5733.83984375,5737.18994140625,95515600
2021-02-22,5767.43994140625,5776.64013671875,5703.47998046875,5737.47021484375,83870900
2021-02-23,5779.83984375,5804.89990234375,5721.919921875,5781.240234375,0
2021-02-24,5797.97998046875,5804.14013671875,5758.2998046875,5769.2099609375,83298700
2021-02-25,5783.89013671875,5834.35986328125,5783.89013671875,5824.72021484375,99039600
2021-02-26,5703.22021484375,5768.02978515625,5688.259765625,5715.68994140625,126426700
2021-03-01,5792.7900390625,5804.35009765625,5765.7998046875,5770.89013671875,83783600
2021-03-02,5809.72998046875,5835.740234375,5773.52001953125,5774.6201171875,78464500
2021-03-03,5830.06005859375,5871.43017578125,5788.66015625,5841.2001953125,91437400
2021-03-04,5830.64990234375,5844.68994140625,5797.669921875,5800.72998046875,96687500
2021-03-05,5782.64990234375,5837.5498046875,5755.60009765625,5794.47998046875,99553700
2021-03-08,5902.990234375,5912.5,5799.0498046875,5822.919921875,0
2021-03-09,5924.97021484375,5937.81005859375,5895.330078125,5903.259765625,98009300
2021-03-10,5990.5498046875,5993.6298828125,5912.35009765625,5915.169921875,84108900
2021-03-11,6033.759765625,6033.759765625,5995.41015625,6004.16015625,85660900
2021-03-12,6046.5498046875,6046.5498046875,6017.41015625,6030.6298828125,72235700
2021-03-15,6035.97021484375,6089.2001953125,6018.5498046875,6069.08984375,78751000
2021-03-16,6055.43017578125,6061.18994140625,6034.759765625,6050.39990234375,846600
2021-03-17,6054.81982421875,6062.35986328125,6037.25,6048.31005859375,806600
2021-03-18,6062.7900390625,6082.919921875,6044.31982421875,6076.2099609375,91171900
2021-03-19,5997.9599609375,6047.64990234375,5983.60986328125,6021.1298828125,212881400
2021-03-22,5968.47998046875,5987.22998046875,5943.7099609375,5960.85009765625,76067200
2021-03-23,5945.2998046875,5968.56005859375,5921.830078125,5943.31005859375,75656900
2021-03-24,5947.2900390625,5948.669921875,5890.5498046875,5901.64013671875,80552800
2021-03-25,5952.41015625,5952.41015625,5886.0,5911.0400390625,73423600
2021-03-26,5988.81005859375,6002.9501953125,5962.4599609375,5979.22998046875,80680200
2021-03-29,6015.509765625,6029.58984375,5985.35986328125,5995.0,67745900
2021-03-30,6088.0400390625,6095.080078125,6041.39013671875,6044.5400390625,76904000
2021-03-31,6067.22998046875,6097.740234375,6060.240234375,6085.02001953125,85387300
2021-04-01,6102.9599609375,6106.1201171875,6063.85986328125,6079.669921875,75221700
2021-04-06,6131.33984375,6159.10009765625,6125.740234375,6155.22021484375,73632700
2021-04-07,6130.66015625,6154.3798828125,6118.91015625,6137.6298828125,0
2021-04-08,6165.72021484375,6171.4501953125,6146.22021484375,6153.35986328125,66071200
2021-04-09,6169.41015625,6188.47998046875,6161.419921875,6171.60009765625,65261400
2021-04-12,6161.68017578125,6183.02001953125,6151.52001953125,6167.31982421875,0
2021-04-13,6184.10009765625,6193.240234375,6156.490234375,6171.8798828125,74722300
2021-04-14,6208.580078125,6217.740234375,6194.5498046875,6214.490234375,0
2021-04-15,6234.14013671875,6244.22998046875,6209.58984375,6219.0400390625,66204600
2021-04-16,6287.06982421875,6299.56005859375,6229.2998046875,6229.64990234375,86378000
2021-04-19,6296.68994140625,6319.080078125,6293.169921875,6294.740234375,58527600
2021-04-20,6165.10986328125,6285.2900390625,6154.02978515625,6281.10009765625,0
2021-04-21,6210.5498046875,6227.0400390625,6178.66015625,6180.68994140625,77394900
2021-04-22,6267.27978515625,6274.18994140625,6225.58984375,6230.2099609375,67091000
2021-04-23,6257.93994140625,6280.81005859375,6227.18994140625,6259.6298828125,61769900
2021-04-26,6275.52001953125,6288.7900390625,6240.990234375,6256.0400390625,64366500
2021-04-27,6273.759765625,6282.52001953125,6255.41015625,6273.35986328125,66019200
2021-04-28,6306.97998046875,6320.10986328125,6283.6201171875,6293.2099609375,69450200
2021-04-29,6302.56982421875,6352.35986328125,6287.43994140625,6341.1201171875,78833300
2021-04-30,6269.47998046875,6320.14013671875,6268.85986328125,6316.31982421875,80057800
2021-05-03,6307.89990234375,6314.919921875,6252.66015625,6285.509765625,49980000
2021-05-04,6251.75,6355.8701171875,6238.7900390625,6319.490234375,85369200
2021-05-05,6339.47021484375,6339.47021484375,6275.14013671875,6284.5400390625,83862000
2021-05-06,6357.08984375,6377.580078125,6321.72021484375,6348.89990234375,86375500
2021-05-07,6385.509765625,6390.0400390625,6342.3701171875,6388.919921875,78606600
2021-05-10,6385.990234375,6395.60009765625,6367.0400390625,6395.3798828125,76551300
2021-05-11,6267.39013671875,6324.31005859375,6226.10986328125,6314.27001953125,100699500
2021-05-12,6279.35009765625,6299.240234375,6233.9599609375,6259.6298828125,80897700
2021-05-13,6288.330078125,6303.7001953125,6150.43017578125,6219.72998046875,64872900
2021-05-14,6385.14013671875,6385.669921875,6301.18994140625,6335.81982421875,66935700
2021-05-17,6367.35009765625,6410.2099609375,6349.330078125,6397.22021484375,62538700
2021-05-18,6353.669921875,6412.91015625,6343.5498046875,6406.18017578125,74129300
2021-05-19,6262.5498046875,6310.490234375,6192.330078125,6292.0498046875,92757600
2021-05-20,6343.580078125,6343.580078125,6267.5498046875,6296.25,68528400
2021-05-21,6386.41015625,6402.10009765625,6351.9501953125,6360.8798828125,75862000
2021-05-24,6408.490234375,6408.490234375,6382.7099609375,6395.9599609375,34996500
2021-05-25,6390.27001953125,6422.830078125,6390.27001953125,6416.60986328125,59097400
2021-05-26,6391.60009765625,6413.72021484375,6375.14013671875,6403.9501953125,58338700
2021-05-27,6435.7099609375,6467.72021484375,6379.830078125,6379.830078125,0
2021-05-28,6484.10986328125,6493.72021484375,6448.8701171875,6453.1201171875,64752500
2021-05-31,6447.169921875,6496.31982421875,6441.759765625,6483.31982421875,41777500
2021-06-01,6489.39990234375,6521.56982421875,6464.7099609375,6470.419921875,61099200
2021-06-02,6521.52001953125,6521.81982421875,6482.10009765625,6489.89990234375,55390700
2021-06-03,6507.919921875,6522.22998046875,6473.669921875,6518.580078125,55257300
2021-06-04,6515.66015625,6517.93017578125,6497.39013671875,6514.27001953125,51796200
2021-06-07,6543.56005859375,6560.39013671875,6485.7998046875,6509.97998046875,57848800
2021-06-08,6551.009765625,6574.2099609375,6540.7099609375,6545.68994140625,65450600
2021-06-09,6563.4501953125,6570.81982421875,6533.3701171875,6561.93017578125,61452400
2021-06-10,6546.490234375,6574.58984375,6526.22998046875,6574.58984375,75224400
2021-06-11,6600.66015625,6607.60986328125,6549.830078125,6550.2998046875,68896800
2021-06-14,6616.35009765625,6650.16015625,6599.27001953125,6625.5498046875,64515600
2021-06-15,6639.52001953125,6655.66015625,6634.4501953125,6643.419921875,67447800
2021-06-16,6652.64990234375,6659.3798828125,6632.35986328125,6657.52001953125,69886300
2021-06-17,6666.259765625,6674.3701171875,6631.6298828125,6636.7001953125,70681800
2021-06-18,6569.16015625,6687.2900390625,6560.1201171875,6657.22998046875,170613700
2021-06-21,6602.5400390625,6607.990234375,6511.93017578125,6525.02978515625,78939300
2021-06-22,6611.5,6622.2001953125,6583.5,6609.97998046875,65102500
2021-06-23,6551.06982421875,6619.02001953125,6551.06982421875,6616.72998046875,70376800
2021-06-24,6631.14990234375,6639.830078125,6572.81005859375,6576.06982421875,74425300
2021-06-25,6622.8701171875,6641.89990234375,6604.85986328125,6637.68017578125,0
2021-06-28,6558.02001953125,6633.72998046875,6556.8798828125,6611.990234375,63796100
2021-06-29,6567.43017578125,6599.8798828125,6561.08984375,6564.06982421875,61812500
2021-06-30,6507.830078125,6575.83984375,6474.43017578125,6562.169921875,88781800
2021-07-01,6553.81982421875,6588.14013671875,6502.0498046875,6549.81982421875,69789700
2021-07-02,6552.85986328125,6582.7900390625,6540.1201171875,6572.0,57451500
2021-07-05,6567.5400390625,6582.8701171875,6520.3798828125,6545.97998046875,45905300
2021-07-06,6507.47998046875,6561.509765625,6483.2001953125,6551.0,72349800
2021-07-07,6527.72021484375,6550.9501953125,6497.75,6529.490234375,82080600
2021-07-08,6396.72998046875,6483.31982421875,6348.64013671875,6479.39990234375,110791300
2021-07-09,6529.419921875,6532.56005859375,6429.669921875,6435.2900390625,84934900
2021-07-12,6559.25,6567.97998046875,6479.5400390625,6525.10986328125,61855900
2021-07-13,6558.47021484375,6569.3701171875,6536.4501953125,6561.740234375,62056500
2021-07-14,6558.3798828125,6565.2001953125,6530.91015625,6533.7998046875,0
2021-07-15,6493.35986328125,6554.7900390625,6471.06982421875,6538.41015625,0
2021-07-16,6460.080078125,6526.759765625,6418.25,6524.9501953125,0
2021-07-19,6295.97021484375,6403.509765625,6253.25,6398.83984375,0
2021-07-20,6346.85009765625,6386.4599609375,6304.85009765625,6325.16015625,82160100
2021-07-21,6464.47998046875,6471.64990234375,6381.93994140625,6382.35986328125,82556600
2021-07-22,6481.58984375,6525.2099609375,6474.0498046875,6498.31005859375,58412300
2021-07-23,6568.81982421875,6574.85986328125,6510.27001953125,6518.60009765625,56119000
2021-07-26,6578.60009765625,6588.08984375,6517.0498046875,6532.009765625,0
2021-07-27,6531.919921875,6578.0400390625,6516.56982421875,6565.18994140625,60870400
2021-07-28,6609.31005859375,6609.31005859375,6530.740234375,6547.47021484375,55290600
2021-07-29,6633.77001953125,6671.1201171875,6633.77001953125,6647.080078125,94988900
2021-07-30,6612.759765625,6648.2001953125,6596.990234375,6608.16015625,97436800
2021-08-02,6675.89990234375,6690.7998046875,6639.31005859375,6657.9501953125,72373600
2021-08-03,6723.81005859375,6749.8798828125,6688.1201171875,6692.60009765625,76009700
2021-08-04,6746.22998046875,6766.60986328125,6730.60009765625,6751.14990234375,68209400
2021-08-05,6781.18994140625,6788.68994140625,6750.85986328125,6750.85986328125,62368500
2021-08-06,6816.9599609375,6832.93994140625,6763.009765625,6772.490234375,67227300
2021-08-09,6813.18017578125,6832.77001953125,6806.97998046875,6818.5400390625,47885100
2021-08-10,6820.2099609375,6833.1201171875,6811.77001953125,6817.6298828125,48652800
2021-08-11,6857.990234375,6867.10986328125,6821.2099609375,6840.27978515625,54453800
2021-08-12,6882.47021484375,6891.2900390625,6854.990234375,6861.43994140625,53045300
2021-08-13,6896.0400390625,6913.669921875,6885.64013671875,6888.47998046875,49869700
2021-08-16,6838.77001953125,6863.740234375,6817.43017578125,6849.68017578125,49720100
2021-08-17,6819.83984375,6827.490234375,6789.10986328125,6812.419921875,56251300
2021-08-18,6770.10986328125,6828.330078125,6759.740234375,6824.64013671875,55662800
2021-08-19,6605.89013671875,6671.169921875,6560.740234375,6665.1201171875,96566200
2021-08-20,6626.10986328125,6633.18994140625,6567.93017578125,6602.9501953125,66755800
2021-08-23,6683.10009765625,6699.31982421875,6657.14013671875,6699.31982421875,56007000
2021-08-24,6664.31005859375,6717.77001953125,6634.68994140625,6717.77001953125,48958200
2021-08-25,6676.47998046875,6684.2099609375,6667.25,6683.18017578125,48823600
2021-08-26,6666.02978515625,6673.93994140625,6618.68994140625,6646.3701171875,50801600
2021-08-27,6681.919921875,6682.14990234375,6644.68017578125,6658.27001953125,43959300
2021-08-30,6687.2998046875,6697.52001953125,6675.31982421875,6690.27978515625,37296500
2021-08-31,6680.18017578125,6708.14013671875,6650.89990234375,6692.85009765625,96775900
2021-09-01,6758.68994140625,6784.66015625,6730.169921875,6736.43994140625,75866000
2021-09-02,6763.080078125,6778.330078125,6747.169921875,6753.18017578125,56090600
2021-09-03,6689.990234375,6758.3798828125,6667.39013671875,6758.3798828125,63290200
2021-09-06,6743.5,6756.39990234375,6700.4501953125,6704.35009765625,41892000
2021-09-07,6726.06982421875,6749.14013671875,6721.35009765625,6731.35986328125,48024800
2021-09-08,6668.89013671875,6712.0498046875,6628.97998046875,6688.83984375,68566500
2021-09-09,6684.72021484375,6708.330078125,6605.08984375,6618.81982421875,63555000
2021-09-10,6663.77001953125,6722.72998046875,6651.06005859375,6707.330078125,70636600
2021-09-13,6676.93017578125,6722.0,6670.85009765625,6688.77001953125,61573900
2021-09-14,6652.97021484375,6677.06982421875,6613.52001953125,6672.18994140625,63626300
2021-09-15,6583.6201171875,6659.27001953125,6577.02001953125,6654.830078125,81904200
2021-09-16,6622.58984375,6663.41015625,6612.16015625,6613.7099609375,79574500
2021-09-17,6570.18994140625,6697.080078125,6551.6201171875,6679.4501953125,214025500
2021-09-20,6455.81005859375,6471.08984375,6389.6201171875,6450.39013671875,120069400
2021-09-21,6552.72998046875,6570.1298828125,6513.75,6513.75,136740400
2021-09-22,6637.0,6642.31005859375,6595.93017578125,6612.10009765625,91076800
2021-09-23,6701.97998046875,6718.7998046875,6667.35986328125,6691.080078125,82926000
2021-09-24,6638.4599609375,6678.64990234375,6625.43017578125,6675.72998046875,70090500
2021-09-27,6650.91015625,6688.759765625,6647.080078125,6683.85009765625,89455000
2021-09-28,6506.5,6643.580078125,6491.419921875,6634.72021484375,117799600
2021-09-29,6560.7998046875,6590.81005859375,6538.10986328125,6549.41015625,86064200
2021-09-30,6520.009765625,6621.75,6509.22998046875,6615.990234375,112651000
2021-10-01,6517.68994140625,6535.4599609375,6412.7001953125,6421.10009765625,94022900
2021-10-04,6477.66015625,6540.9599609375,6452.77978515625,6484.89990234375,73993600
2021-10-05,6576.27978515625,6577.2900390625,6481.72021484375,6481.72021484375,86146000
2021-10-06,6493.1201171875,6510.47021484375,6421.64013671875,6509.60009765625,98813600
2021-10-07,6600.18994140625,6616.52978515625,6545.740234375,6563.240234375,91000400
2021-10-08,6559.990234375,6617.33984375,6559.990234375,6609.509765625,70183900
2021-10-11,6570.5400390625,6574.22021484375,6522.5498046875,6546.06982421875,68968500
2021-10-12,6548.10986328125,6548.10986328125,6491.580078125,6495.14990234375,69996000
2021-10-13,6597.3798828125,6606.35986328125,6510.27001953125,6539.60986328125,75938000
2021-10-14,6685.2099609375,6692.93994140625,6618.7900390625,6651.18017578125,71368900
2021-10-15,6727.52001953125,6746.81005859375,6703.259765625,6714.259765625,84105700
2021-10-18,6673.10009765625,6697.60009765625,6642.16015625,6697.2900390625,64526000
2021-10-19,6669.85009765625,6692.14013671875,6650.83984375,6690.9501953125,63597900
2021-10-20,6705.60986328125,6715.52001953125,6636.60986328125,6636.60986328125,65963400
2021-10-21,6686.169921875,6699.2099609375,6658.9501953125,6673.14013671875,63926300
2021-10-22,6733.68994140625,6765.4599609375,6716.14990234375,6720.919921875,65949700
2021-10-25,6712.8701171875,6752.97998046875,6707.31982421875,6752.97998046875,58586000
2021-10-26,6766.509765625,6775.81982421875,6711.2099609375,6723.06005859375,79339600
2021-10-27,6753.52001953125,6771.18994140625,6731.85986328125,6755.6298828125,68739200
2021-10-28,6804.22021484375,6804.22021484375,6750.77978515625,6750.77978515625,75981000
2021-10-29,6830.33984375,6830.33984375,6748.52978515625,6778.7900390625,89550100
2021-11-01,6893.2900390625,6908.64990234375,6859.43994140625,6870.27978515625,67294100
2021-11-02,6927.02978515625,6933.35009765625,6879.68994140625,6883.06005859375,64187800
2021-11-03,6950.64990234375,6955.10009765625,6917.75,6919.47021484375,65516400
2021-11-04,6987.7900390625,6993.009765625,6962.009765625,6977.6201171875,76559800
2021-11-05,7040.7900390625,7063.39990234375,6983.7998046875,6983.7998046875,79993700
2021-11-08,7047.47998046875,7067.10009765625,7037.669921875,7041.60009765625,66513600
2021-11-09,7043.27001953125,7079.580078125,7016.72998046875,7023.580078125,71276900
2021-11-10,7045.16015625,7053.27001953125,7014.93994140625,7046.169921875,85630200
2021-11-11,7059.5498046875,7072.6298828125,7032.35009765625,7038.83984375,74342900
2021-11-12,7091.39990234375,7097.4599609375,7056.93017578125,7062.5400390625,64249000
2021-11-15,7128.6298828125,7136.1298828125,7088.7099609375,7090.9599609375,64255100
2021-11-16,7152.60009765625,7164.27001953125,7136.2998046875,7146.3701171875,69021700
2021-11-17,7156.85009765625,7167.7998046875,7147.009765625,7149.2998046875,68243500
2021-11-18,7141.97998046875,7181.5498046875,7136.85986328125,7155.0498046875,75845600
2021-11-19,7112.2900390625,7183.080078125,7068.43017578125,7172.72021484375,117988000
2021-11-22,7105.0,7143.60009765625,7087.669921875,7130.240234375,85214100
2021-11-23,7044.6201171875,7112.490234375,7002.56005859375,7064.3798828125,73747800
2021-11-24,7042.22998046875,7089.10986328125,6983.97998046875,7052.18017578125,75264400
2021-11-25,7075.8701171875,7079.490234375,7047.85986328125,7067.60986328125,57485800
2021-11-26,6739.72998046875,6861.14990234375,6725.080078125,6814.89990234375,159605400
2021-11-29,6776.25,6841.7900390625,6760.31005859375,6831.41015625,108062500
2021-11-30,6721.16015625,6780.8798828125,6655.85986328125,6679.02978515625,182689600
2021-12-01,6881.8701171875,6902.4599609375,6750.64990234375,6774.7998046875,101765800
2021-12-02,6795.75,6850.3701171875,6762.740234375,6794.77001953125,101894500
2021-12-03,6765.52001953125,6872.7900390625,6730.6298828125,6860.72998046875,83342600
2021-12-06,6865.77978515625,6888.06982421875,6776.169921875,6810.93017578125,84991100
2021-12-07,7065.39013671875,7066.9501953125,6934.68017578125,6934.68017578125,96223300
2021-12-08,7014.56982421875,7104.06005859375,7014.56982421875,7064.1201171875,80200900
2021-12-09,7008.22998046875,7044.990234375,6983.330078125,7035.93017578125,64070600
2021-12-10,6991.68017578125,7025.8798828125,6960.39013671875,6960.39013671875,63499000
2021-12-13,6942.91015625,7029.3798828125,6929.1298828125,7004.759765625,75947300
2021-12-14,6895.31005859375,6993.2998046875,6891.33984375,6978.77001953125,88567300
2021-12-15,6927.6298828125,6949.919921875,6904.93994140625,6923.52001953125,74220800
2021-12-16,7005.06982421875,7054.919921875,6987.9501953125,7054.919921875,101536900
2021-12-17,6926.6298828125,7011.60986328125,6884.91015625,6982.06982421875,148484800
2021-12-20,6870.10009765625,6872.75,6747.68994140625,6783.830078125,86311700
2021-12-21,6964.990234375,6967.93017578125,6888.52001953125,6935.66015625,75487700
2021-12-22,7051.669921875,7051.669921875,6963.7099609375,6982.52978515625,55611500
2021-12-23,7106.14990234375,7119.8701171875,7049.919921875,7071.93017578125,54434100
2021-12-24,7086.580078125,7116.8798828125,7086.580078125,7091.60009765625,11954300
2021-12-27,7140.39013671875,7149.14013671875,7062.39990234375,7070.14013671875,34917800
2021-12-28,7181.10986328125,7187.759765625,7141.669921875,7141.85009765625,36149600
2021-12-29,7161.52001953125,7201.64990234375,7137.35009765625,7179.10986328125,37481200
2021-12-30,7173.22998046875,7189.83984375,7156.7900390625,7167.52978515625,35427000
2021-12-31,7153.02978515625,7163.72998046875,7139.60009765625,7153.66015625,18788700
2022-01-03,7217.22021484375,7245.66015625,7195.81982421875,7197.39990234375,54644700
2022-01-04,7317.41015625,7332.2099609375,7250.240234375,7273.56982421875,77540000
2022-01-05,7376.3701171875,7384.85986328125,7313.52978515625,7320.47998046875,0
2022-01-06,7249.66015625,7316.06005859375,7240.8798828125,7264.0,89793800
2022-01-07,7219.47998046875,7269.64990234375,7178.18017578125,7250.7900390625,78597800
2022-01-10,7115.77001953125,7250.240234375,7105.5498046875,7245.2099609375,80610700
2022-01-11,7183.3798828125,7227.7099609375,7160.43994140625,7185.2099609375,71633500
2022-01-12,7237.18994140625,7249.8798828125,7183.3798828125,7235.47021484375,85271800
2022-01-13,7201.14013671875,7227.35009765625,7166.93994140625,7215.47998046875,81834900
2022-01-14,7143.0,7171.39990234375,7119.009765625,7132.58984375,79772300
2022-01-17,7201.64013671875,7213.7001953125,7148.97998046875,7167.52978515625,53465300
2022-01-18,7133.830078125,7175.4599609375,7098.18994140625,7172.43017578125,78561500
2022-01-19,7172.97998046875,7211.240234375,7104.10986328125,7104.10986328125,84173800
2022-01-20,7194.16015625,7199.97021484375,7123.6201171875,7190.02001953125,76932800
2022-01-21,7068.58984375,7122.06005859375,7013.490234375,7088.43994140625,110697300
2022-01-24,6787.7900390625,7070.919921875,6754.240234375,7014.83984375,0
2022-01-25,6837.9599609375,6890.5400390625,6776.7998046875,6870.27001953125,98212900
2022-01-26,6981.9599609375,7024.14013671875,6901.740234375,6901.740234375,0
2022-01-27,7023.7998046875,7053.4501953125,6873.60009765625,6879.64013671875,100076500
2022-01-28,6965.8798828125,7053.0,6846.22021484375,7043.43017578125,106663500
2022-01-31,6999.2001953125,7043.22021484375,6937.10009765625,7039.7099609375,90912900
2022-02-01,7099.490234375,7105.22998046875,7035.91015625,7052.2998046875,81607500
2022-02-02,7115.27001953125,7150.5400390625,7109.2998046875,7117.4501953125,0
2022-02-03,7005.6298828125,7125.580078125,6995.41015625,7115.2998046875,88710000
2022-02-04,6951.3798828125,7066.43994140625,6914.77001953125,7049.7998046875,0
2022-02-07,7009.25,7025.58984375,6929.7099609375,6987.169921875,72651700
2022-02-08,7028.41015625,7085.64013671875,6994.14990234375,7008.2001953125,95664200
2022-02-09,7130.8798828125,7146.31005859375,7086.33984375,7086.33984375,86888200
2022-02-10,7101.5498046875,7169.6298828125,7051.60009765625,7141.68994140625,86508200
2022-02-11,7011.60009765625,7071.009765625,6992.08984375,7025.5,82859100
2022-02-14,6852.2001953125,6875.31005859375,6757.330078125,6868.06982421875,117972900
2022-02-15,6979.97021484375,6983.14013671875,6823.4501953125,6830.740234375,92474100
2022-02-16,6964.97998046875,7031.93017578125,6931.08984375,7009.68994140625,74789000
2022-02-17,6946.81982421875,7017.06982421875,6905.68994140625,6999.1298828125,90183200
2022-02-18,6929.6298828125,6995.6201171875,6895.08984375,6951.830078125,87348900
2022-02-21,6788.33984375,6986.830078125,6744.1298828125,6984.31005859375,0
2022-02-22,6787.60009765625,6834.77001953125,6633.740234375,6633.740234375,101457400
2022-02-23,6780.669921875,6904.81005859375,6768.3798828125,6801.66015625,86393600
2022-02-24,6521.0498046875,6617.08984375,6432.89013671875,6496.25,207949400
2022-02-25,6752.43017578125,6762.77978515625,6521.56005859375,6571.9501953125,152427400
2022-02-28,6658.830078125,6684.5400390625,6516.16015625,6620.47998046875,171929700
2022-03-01,6396.490234375,6662.25,6396.490234375,6646.16015625,171611200
2022-03-02,6498.02001953125,6544.14990234375,6312.2998046875,6359.97998046875,169994900
2022-03-03,6378.3701171875,6543.77001953125,6361.60009765625,6488.25,132457000
2022-03-04,6061.66015625,6321.08984375,6061.66015625,6308.33984375,180586100
2022-03-07,5982.27001953125,6115.22998046875,5756.3798828125,5887.830078125,243010200
2022-03-08,5962.9599609375,6169.60009765625,5903.10009765625,5906.6201171875,168209400
2022-03-09,6387.830078125,6387.830078125,6122.7998046875,6131.27978515625,189777300
2022-03-10,6207.2001953125,6380.77001953125,6166.10986328125,6376.56982421875,148747200
2022-03-11,6260.25,6466.1201171875,6165.41015625,6233.1201171875,136389500
2022-03-14,6369.93994140625,6421.080078125,6271.81982421875,6298.9599609375,113227400
2022-03-15,6355.0,6383.75,6206.0498046875,6294.72021484375,102702800
2022-03-16,6588.64013671875,6680.0,6481.7001953125,6484.330078125,145251100
2022-03-17,6612.52001953125,6635.31005859375,6530.7900390625,6617.22998046875,100583800
2022-03-18,6620.240234375,6620.240234375,6499.58984375,6613.9501953125,191790200
2022-03-21,6582.330078125,6642.4599609375,6574.06982421875,6608.7900390625,78342900
2022-03-22,6659.41015625,6666.83984375,6578.91015625,6586.64990234375,79017900
2022-03-23,6581.43017578125,6684.7001953125,6559.31005859375,6674.68017578125,76824400
2022-03-24,6555.77001953125,6636.580078125,6541.31982421875,6593.14990234375,82199900
2022-03-25,6553.68017578125,6615.89990234375,6538.7998046875,6569.4501953125,73936900
2022-03-28,6589.10986328125,6683.7001953125,6572.009765625,6578.72021484375,78385700
2022-03-29,6792.16015625,6829.39990234375,6658.77978515625,6675.14990234375,110146300
2022-03-30,6741.58984375,6771.08984375,6705.68994140625,6771.08984375,80090300
2022-03-31,6659.8701171875,6776.1298828125,6658.740234375,6759.419921875,81436400
2022-04-01,6684.31005859375,6708.56005859375,6635.27001953125,6672.97998046875,65149500
2022-04-04,6731.3701171875,6745.22021484375,6641.60986328125,6709.60009765625,65186300
2022-04-05,6645.509765625,6743.6201171875,6603.43994140625,6731.33984375,103817600
2022-04-06,6498.830078125,6643.75,6442.43994140625,6634.830078125,104806100
2022-04-07,6461.68017578125,6582.33984375,6451.10009765625,6530.81982421875,94476400
2022-04-08,6548.22021484375,6581.56005859375,6494.6298828125,6540.2001953125,91669300
2022-04-11,6555.81005859375,6614.9599609375,6502.14013671875,6558.52978515625,87321100
2022-04-12,6537.41015625,6570.75,6424.97021484375,6454.25,84720600
2022-04-13,6542.14013671875,6563.9599609375,6478.4501953125,6519.16015625,72469400
2022-04-14,6589.35009765625,6607.5498046875,6541.89990234375,6557.66015625,79048700
2022-04-19,6534.7900390625,6566.7998046875,6494.330078125,6545.97021484375,0
2022-04-20,6624.91015625,6636.5498046875,6542.2099609375,6557.9599609375,87010800
2022-04-21,6715.10009765625,6757.75,6636.7900390625,6642.7099609375,88762200
2022-04-22,6581.419921875,6654.64013671875,6572.8701171875,6618.68994140625,83469100
2022-04-25,6449.3798828125,6512.259765625,6408.7099609375,6450.89990234375,94933200
2022-04-26,6414.56982421875,6535.919921875,6412.490234375,6520.009765625,95230800
2022-04-27,6445.259765625,6474.9599609375,6338.60986328125,6427.39990234375,92040000
2022-04-28,6508.14013671875,6575.9501953125,6435.75,6520.52978515625,76048900
2022-04-29,6533.77001953125,6601.14990234375,6514.10009765625,6557.66015625,83799400
2022-05-02,6425.60986328125,6474.81005859375,6308.47021484375,6469.31005859375,87523700
2022-05-03,6476.18017578125,6507.1298828125,6423.02978515625,6463.72998046875,83360000
2022-05-04,6395.68017578125,6494.990234375,6395.68017578125,6482.259765625,72296900
2022-05-05,6368.39990234375,6558.91015625,6350.66015625,6549.490234375,96424000
2022-05-06,6258.35986328125,6322.43017578125,6213.64013671875,6318.66015625,113118300
2022-05-09,6086.02001953125,6260.85009765625,6086.02001953125,6207.14990234375,91595000
2022-05-10,6116.91015625,6206.56005859375,6116.91015625,6151.52001953125,90242000
2022-05-11,6269.72998046875,6269.72998046875,6137.240234375,6173.10009765625,106223700
2022-05-12,6206.259765625,6238.25,6098.22021484375,6130.68994140625,105839000
2022-05-13,6362.68017578125,6363.240234375,6238.7900390625,6250.16015625,85955800
2022-05-16,6347.77001953125,6369.0498046875,6286.02001953125,6315.68017578125,75092100
2022-05-17,6430.18994140625,6448.330078125,6373.72998046875,6379.33984375,86952900
2022-05-18,6352.93994140625,6455.7998046875,6342.669921875,6440.2998046875,80314700
2022-05-19,6272.7099609375,6288.990234375,6196.18994140625,6279.68994140625,86227400
2022-05-20,6285.240234375,6377.580078125,6264.83984375,6305.4599609375,92863400
2022-05-23,6358.740234375,6358.740234375,6263.9599609375,6350.8798828125,82641900
2022-05-24,6253.14013671875,6322.740234375,6243.83984375,6282.31982421875,72012900
2022-05-25,6298.64013671875,6319.2900390625,6229.83984375,6296.27978515625,75143000
2022-05-26,6410.580078125,6424.8798828125,6298.4501953125,6301.490234375,66120600
2022-05-27,6515.75,6519.72998046875,6424.85009765625,6445.25,70892100
2022-05-30,6562.39013671875,6582.0498046875,6536.77001953125,6547.85986328125,69803300
2022-05-31,6468.7998046875,6543.419921875,6457.52978515625,6539.85986328125,162340000
2022-06-01,6418.89013671875,6510.259765625,6414.22021484375,6509.18994140625,74750900
2022-06-02,6500.43994140625,6506.60009765625,6447.2998046875,6447.3701171875,57959900
2022-06-03,6485.2998046875,6547.81982421875,6473.740234375,6545.0,48236300
2022-06-06,6548.77978515625,6593.14990234375,6533.81982421875,6533.81982421875,60142400
2022-06-07,6500.35009765625,6523.60009765625,6459.919921875,6523.16015625,66096000
2022-06-08,6448.6298828125,6517.5498046875,6413.8701171875,6517.5498046875,73239600
2022-06-09,6358.4599609375,6456.91015625,6342.990234375,6412.580078125,72804300
2022-06-10,6187.22998046875,6325.89013671875,6177.31005859375,6316.41015625,103756400
2022-06-13,6022.31982421875,6122.259765625,6006.27978515625,6088.0498046875,106541000
2022-06-14,5949.83984375,6075.3701171875,5934.1201171875,6063.7998046875,85949300
2022-06-15,6030.1298828125,6062.6201171875,5972.31005859375,6022.83984375,93774600
2022-06-16,5886.240234375,6018.10009765625,5872.2001953125,6003.66015625,99480100
2022-06-17,5882.64990234375,5974.06005859375,5870.64013671875,5906.85986328125,181205900
2022-06-20,5920.08984375,5920.08984375,5855.93017578125,5901.580078125,65998500
2022-06-21,5964.66015625,6032.240234375,5943.080078125,5943.52001953125,63109500
2022-06-22,5916.6298828125,5938.4599609375,5834.4599609375,5879.08984375,87617200
2022-06-23,5883.330078125,5957.1298828125,5830.8701171875,5880.2998046875,89899600
2022-06-24,6073.35009765625,6085.990234375,5914.669921875,5918.259765625,85414200
2022-06-27,6047.31005859375,6156.60009765625,6030.60986328125,6105.2001953125,66242800
2022-06-28,6086.02001953125,6141.93994140625,6077.9501953125,6099.14990234375,64300400
2022-06-29,6031.47998046875,6071.91015625,5995.75,6021.68994140625,0
2022-06-30,5922.85986328125,5931.5498046875,5852.2998046875,5926.740234375,115328200
2022-07-01,5931.06005859375,5975.830078125,5857.33984375,5875.60009765625,72811500
2022-07-04,5954.64990234375,6002.06982421875,5943.91015625,5983.97998046875,54436800
2022-07-05,5794.9599609375,5981.509765625,5786.5,5979.2001953125,104293700
2022-07-06,5912.3798828125,5927.5,5846.10009765625,5872.27001953125,89619400
2022-07-07,6006.7001953125,6024.31005859375,5967.97998046875,5985.08984375,94857900
2022-07-08,6033.1298828125,6053.169921875,5952.89013671875,6007.64013671875,76855400
2022-07-11,5996.2998046875,6004.52001953125,5909.72998046875,5923.830078125,59496400
2022-07-12,6044.2001953125,6053.330078125,5930.97998046875,5960.08984375,71122100
2022-07-13,6000.240234375,6025.72998046875,5922.93994140625,6015.52978515625,70802000
2022-07-14,5915.41015625,5997.31005859375,5874.68017578125,5979.990234375,72944000
2022-07-15,6036.0,6043.7998046875,5901.3798828125,5935.27978515625,76205700
2022-07-18,6091.91015625,6136.02001953125,6059.8701171875,6070.2099609375,59881400
2022-07-19,6201.22021484375,6213.8798828125,6028.7900390625,6031.60009765625,74716500
2022-07-20,6184.66015625,6245.47021484375,6151.35986328125,6229.7900390625,76814600
2022-07-21,6201.10986328125,6233.97998046875,6143.06005859375,6160.3701171875,78627800
2022-07-22,6216.81982421875,6247.35009765625,6168.77001953125,6174.2900390625,68727100
2022-07-25,6237.5498046875,6260.1298828125,6177.14013671875,6198.830078125,60387200
2022-07-26,6211.4501953125,6243.85986328125,6194.9599609375,6225.169921875,60556300
2022-07-27,6257.93994140625,6267.7998046875,6199.93017578125,6206.25,69640600
2022-07-28,6339.2099609375,6339.2099609375,6236.56982421875,6304.1298828125,92169500
2022-07-29,6448.5,6472.27001953125,6397.91015625,6413.10009765625,103116600
2022-08-01,6436.85986328125,6484.080078125,6434.1201171875,6447.18017578125,64439900
2022-08-02,6409.7998046875,6429.0498046875,6381.43017578125,6424.68017578125,66079400
2022-08-03,6472.06005859375,6475.5400390625,6398.990234375,6404.10009765625,78438000
2022-08-04,6513.39013671875,6555.7099609375,6475.0498046875,6476.72021484375,75071500
2022-08-05,6472.35009765625,6523.02978515625,6449.72021484375,6512.6201171875,71657900
2022-08-08,6524.43994140625,6564.240234375,6503.27001953125,6510.4501953125,57501500
2022-08-09,6490.0,6530.35009765625,6480.06005859375,6514.52001953125,60132500
2022-08-10,6523.43994140625,6545.64013671875,6453.7900390625,6467.10009765625,67978700
2022-08-11,6544.669921875,6562.31982421875,6499.6298828125,6560.2099609375,63494500
2022-08-12,6553.85986328125,6587.83984375,6539.75,6553.240234375,59404000
2022-08-15,6569.9501953125,6586.9599609375,6532.47998046875,6582.6298828125,41045400
2022-08-16,6592.580078125,6608.830078125,6568.580078125,6580.990234375,56347800
2022-08-17,6528.31982421875,6608.64013671875,6517.990234375,6608.64013671875,62910000
2022-08-18,6557.39990234375,6576.3701171875,6519.56982421875,6530.580078125,52233900
2022-08-19,6495.830078125,6549.1298828125,6488.0,6520.43994140625,65894600
2022-08-22,6378.740234375,6459.35986328125,6352.97021484375,6448.81005859375,78589600
2022-08-23,6362.02001953125,6402.22021484375,6331.169921875,6331.169921875,60089800
2022-08-24,6386.759765625,6396.6298828125,6319.7001953125,6332.43017578125,52703400
2022-08-25,6381.56005859375,6440.68994140625,6361.52978515625,6432.16015625,49495300
2022-08-26,6274.259765625,6429.7900390625,6252.58984375,6420.75,67384400
2022-08-29,6222.27978515625,6232.25,6153.43994140625,6199.10986328125,54873600
2022-08-30,6210.22021484375,6303.66015625,6182.6298828125,6243.080078125,65574600
2022-08-31,6125.10009765625,6230.89990234375,6125.10009765625,6226.990234375,109610300
2022-09-01,6034.31005859375,6072.93017578125,6009.08984375,6068.33984375,74056000
2022-09-02,6167.509765625,6178.2900390625,6051.02001953125,6075.72998046875,76451600
2022-09-05,6093.22021484375,6105.58984375,6018.02001953125,6048.22021484375,65693400
2022-09-06,6104.60986328125,6138.22021484375,6060.43994140625,6083.02001953125,54762700
2022-09-07,6105.919921875,6119.9501953125,6045.27001953125,6059.64013671875,71611100
2022-09-08,6125.89990234375,6143.2900390625,6034.7900390625,6136.93017578125,75081400
2022-09-09,6212.330078125,6239.10986328125,6138.8798828125,6140.8701171875,72211000
2022-09-12,6333.58984375,6352.4501953125,6224.509765625,6242.4599609375,77476100
2022-09-13,6245.68994140625,6394.18017578125,6245.68994140625,6360.31005859375,79001400
2022-09-14,6222.41015625,6249.2900390625,6183.5498046875,6210.77001953125,75468700
2022-09-15,6157.83984375,6249.52001953125,6143.35986328125,6212.2099609375,74835300
2022-09-16,6077.2998046875,6114.35986328125,6052.419921875,6100.7900390625,153174600
2022-09-19,6061.58984375,6093.39990234375,5974.72021484375,6049.0,51601200
2022-09-20,5979.47021484375,6118.25,5970.22998046875,6084.41015625,77470600
2022-09-21,6031.330078125,6034.27001953125,5915.56982421875,5928.5,70185800
2022-09-22,5918.5,6022.39013671875,5918.5,5928.5400390625,72756700
2022-09-23,5783.41015625,5913.7099609375,5765.64990234375,5906.18017578125,92468500
2022-09-26,5769.39013671875,5828.0498046875,5736.0,5744.490234375,78603600
2022-09-27,5753.81982421875,5852.60986328125,5753.81982421875,5809.81982421875,85032200
2022-09-28,5765.009765625,5773.080078125,5651.490234375,5692.5400390625,106668700
2022-09-29,5676.8701171875,5746.2900390625,5628.419921875,5746.2900390625,102422800
2022-09-30,5762.33984375,5770.77978515625,5688.33984375,5712.2001953125,102731500
2022-10-03,5794.14990234375,5804.27001953125,5654.43994140625,5697.47021484375,80848100
2022-10-04,6039.68994140625,6039.68994140625,5852.919921875,5859.4501953125,95391900
2022-10-05,5985.4599609375,6034.93017578125,5953.5498046875,6006.1201171875,75121600
2022-10-06,5936.419921875,6018.47021484375,5917.27001953125,6004.10986328125,63735200
2022-10-07,5866.93994140625,5956.9501953125,5855.66015625,5911.9599609375,65700300
2022-10-10,5840.5498046875,5883.85009765625,5796.31005859375,5806.56982421875,64916700
2022-10-11,5833.2001953125,5849.580078125,5770.47998046875,5796.830078125,66016800
2022-10-12,5818.47021484375,5872.490234375,5788.66015625,5842.10009765625,70096900
2022-10-13,5879.18994140625,5899.81982421875,5704.8701171875,5792.5400390625,86713000
2022-10-14,5931.919921875,6044.75,5921.14990234375,5965.7998046875,80215500
2022-10-17,6040.66015625,6068.3701171875,5910.39013671875,5949.64990234375,63825900
2022-10-18,6067.0,6139.77978515625,6057.3798828125,6098.60009765625,66543800
2022-10-19,6040.72021484375,6109.97021484375,6040.72021484375,6092.77001953125,66384700
2022-10-20,6086.89990234375,6103.5,6029.52978515625,6046.81005859375,62634500
2022-10-21,6035.39013671875,6056.0400390625,5952.8798828125,6021.580078125,72699400
2022-10-24,6131.35986328125,6175.6201171875,6041.14013671875,6076.2001953125,78770900
2022-10-25,6250.5498046875,6253.1201171875,6135.3798828125,6172.64990234375,78255100
2022-10-26,6276.31005859375,6282.75,6219.330078125,6244.64013671875,68833800
2022-10-27,6244.02978515625,6272.2001953125,6194.330078125,6253.85009765625,85178900
2022-10-28,6273.0498046875,6278.77001953125,6183.41015625,6192.18017578125,72520200
2022-10-31,6266.77001953125,6293.14990234375,6244.080078125,6279.7001953125,66506100
2022-11-01,6328.25,6383.7001953125,6306.0498046875,6329.759765625,60553400
2022-11-02,6276.8798828125,6376.2900390625,6273.5498046875,6351.31005859375,68322300
2022-11-03,6243.27978515625,6245.68994140625,6191.72998046875,6209.6298828125,70824300
2022-11-04,6416.43994140625,6466.31982421875,6289.06982421875,6291.39013671875,99100700
2022-11-07,6416.60986328125,6442.41015625,6363.7001953125,6379.490234375,74724700
2022-11-08,6441.5,6451.16015625,6378.31982421875,6391.75,63537800
2022-11-09,6430.56982421875,6446.5,6405.83984375,6426.7998046875,65301500
2022-11-10,6556.830078125,6573.85009765625,6381.419921875,6396.58984375,115490300
2022-11-11,6594.6201171875,6636.81005859375,6573.8701171875,6612.93017578125,98336500
2022-11-14,6609.169921875,6662.06982421875,6603.56005859375,6622.419921875,78284400
2022-11-15,6641.66015625,6684.08984375,6621.81982421875,6626.81982421875,75504200
2022-11-16,6607.22021484375,6656.330078125,6587.2001953125,6647.39990234375,85200600
2022-11-17,6576.1201171875,6634.72998046875,6522.27978515625,6624.47021484375,70512200
2022-11-18,6644.4599609375,6667.2001953125,6601.56005859375,6620.580078125,83554600
2022-11-21,6634.4501953125,6649.759765625,6613.919921875,6625.10009765625,65020100
2022-11-22,6657.52978515625,6669.169921875,6615.580078125,6643.7001953125,63964600
2022-11-23,6679.08984375,6681.41015625,6642.02978515625,6677.97021484375,55283400
2022-11-24,6707.31982421875,6730.16015625,6679.7998046875,6683.43994140625,53784900
2022-11-25,6712.47998046875,6725.0,6686.6298828125,6710.35986328125,47928700
2022-11-28,6665.2001953125,6693.919921875,6641.2998046875,6678.10986328125,66210300
2022-11-29,6668.97021484375,6695.85986328125,6649.8798828125,6686.9599609375,64658900
2022-11-30,6738.5498046875,6743.60009765625,6678.75,6706.669921875,137628600
2022-12-01,6753.97021484375,6791.31005859375,6730.5498046875,6784.60009765625,76833000
2022-12-02,6742.25,6767.72021484375,6689.759765625,6728.85986328125,73971700
2022-12-05,6696.9599609375,6738.97021484375,6685.52001953125,6728.7099609375,64996300
2022-12-06,6687.7900390625,6704.740234375,6656.93017578125,6677.490234375,68966200
2022-12-07,6660.58984375,6696.64990234375,6642.43994140625,6687.33984375,70960500
2022-12-08,6647.31005859375,6679.56982421875,6629.35986328125,6677.0,67338600
2022-12-09,6677.64013671875,6680.08984375,6618.27001953125,6671.77978515625,73547100
2022-12-12,6650.5498046875,6681.2998046875,6634.97021484375,6647.89990234375,62590500
2022-12-13,6744.97998046875,6823.10009765625,6642.08984375,6672.22021484375,86739300
2022-12-14,6730.7900390625,6733.85009765625,6694.330078125,6727.75,76945400
2022-12-15,6522.77001953125,6680.22021484375,6503.0,6674.2900390625,103759900
2022-12-16,6452.6298828125,6515.7001953125,6418.9501953125,6505.6298828125,156200000
2022-12-19,6473.2900390625,6510.4599609375,6470.93017578125,6470.93017578125,64477300
2022-12-20,6450.43017578125,6468.93994140625,6388.22998046875,6418.68994140625,74259100
2022-12-21,6580.240234375,6586.47998046875,6467.56982421875,6469.10986328125,70962400
2022-12-22,6517.97021484375,6614.35009765625,6503.8798828125,6587.5,56190600
2022-12-23,6504.89990234375,6533.580078125,6476.0498046875,6513.2001953125,42984900
2022-12-27,6550.66015625,6579.330078125,6543.259765625,6559.6298828125,33013100
2022-12-28,6510.490234375,6572.1201171875,6505.669921875,6561.5,40109400
2022-12-29,6573.47021484375,6577.080078125,6474.72998046875,6486.64990234375,41261600
2022-12-30,6473.759765625,6540.509765625,6470.64013671875,6533.1201171875,42838300
2023-01-02,6594.56982421875,6601.10986328125,6518.2099609375,6521.06982421875,47388200
2023-01-03,6623.89013671875,6696.10009765625,6580.08984375,6580.08984375,73986700
2023-01-04,6776.43017578125,6780.830078125,6659.830078125,6660.60009765625,94387100
2023-01-05,6761.5,6792.08984375,6732.0400390625,6744.5,71666600
2023-01-06,6860.9501953125,6860.9501953125,6757.4599609375,6772.93994140625,0
2023-01-09,6907.35986328125,6928.43017578125,6851.66015625,6861.58984375,78531000
2023-01-10,6869.14013671875,6885.43994140625,6845.81005859375,6882.009765625,64470300
2023-01-11,6924.18994140625,6946.669921875,6874.7099609375,6879.10009765625,76436500
2023-01-12,6975.68017578125,7015.7001953125,6946.2998046875,6947.33984375,82168400
2023-01-13,7023.5,7035.81982421875,6977.85986328125,6989.58984375,76364900
2023-01-16,7043.31005859375,7052.52001953125,7016.31982421875,7036.47998046875,56440600
2023-01-17,7077.16015625,7104.89990234375,7020.81982421875,7036.91015625,82336900
2023-01-18,7083.39013671875,7115.2001953125,7072.4501953125,7073.6201171875,68097000
2023-01-19,6951.8701171875,7056.14013671875,6946.740234375,7047.64013671875,80486000
2023-01-20,6995.990234375,7015.9599609375,6965.4501953125,6996.22021484375,64034900
2023-01-23,7032.02001953125,7044.509765625,6988.509765625,7014.91015625,51105500
2023-01-24,7050.47998046875,7064.68994140625,7011.39990234375,7053.0400390625,57820900
2023-01-25,7043.8798828125,7070.83984375,6999.93017578125,7057.81982421875,55620400
2023-01-26,7095.990234375,7117.52978515625,7078.02001953125,7095.10986328125,68505600
2023-01-27,7097.2099609375,7117.47998046875,7062.68994140625,7085.47021484375,68167800
2023-01-30,7082.009765625,7103.66015625,7030.9501953125,7054.240234375,60633400
2023-01-31,7082.419921875,7088.97021484375,7025.52978515625,7075.08984375,78055900
2023-02-01,7077.10986328125,7110.2099609375,7059.60986328125,7087.2001953125,63651600
2023-02-02,7166.27001953125,7184.68994140625,7079.41015625,7110.02978515625,95949900
2023-02-03,7233.93994140625,7233.93994140625,7113.419921875,7136.39990234375,89988400
2023-02-06,7137.10009765625,7187.27001953125,7104.52001953125,7181.97021484375,68293300
2023-02-07,7132.35009765625,7154.509765625,7108.4599609375,7145.83984375,73508000
2023-02-08,7119.830078125,7190.85986328125,7119.830078125,7181.580078125,84748800
2023-02-09,7188.35986328125,7225.8798828125,7179.64013671875,7179.64013671875,81784900
2023-02-10,7129.72998046875,7182.919921875,7074.6298828125,7165.41015625,79146100
2023-02-13,7208.58984375,7213.93994140625,7138.91015625,7147.47998046875,57944800
2023-02-14,7213.81005859375,7271.47998046875,7204.509765625,7225.2998046875,73276800
2023-02-15,7300.85986328125,7318.77978515625,7200.72998046875,7206.830078125,75504300
2023-02-16,7366.16015625,7387.2900390625,7325.75,7346.2998046875,91730300
2023-02-17,7347.72021484375,7368.0,7267.77001953125,7311.14013671875,80226800
2023-02-20,7335.60986328125,7363.41015625,7318.72998046875,7361.2099609375,48622700
2023-02-21,7308.64990234375,7342.68017578125,7241.2099609375,7319.93017578125,68754800
2023-02-22,7299.259765625,7307.81982421875,7231.6298828125,7282.490234375,83809200
2023-02-23,7317.43017578125,7357.68017578125,7301.419921875,7309.02978515625,79939200
2023-02-24,7187.27001953125,7366.06982421875,7187.27001953125,7359.759765625,94517800
2023-02-27,7295.5498046875,7324.02978515625,7243.02978515625,7243.02978515625,69314300
2023-02-28,7267.93017578125,7317.97998046875,7249.47021484375,7253.5400390625,102729300
2023-03-01,7234.25,7327.2900390625,7219.39990234375,7279.33984375,79246600
2023-03-02,7284.22021484375,7286.240234375,7169.66015625,7176.41015625,70461500
2023-03-03,7348.1201171875,7358.0400390625,7308.14990234375,7313.47998046875,0
2023-03-06,7373.2099609375,7401.14990234375,7349.97998046875,7385.75,68683500
2023-03-07,7339.27001953125,7398.02978515625,7336.2001953125,7355.8701171875,64092400
2023-03-08,7324.759765625,7346.6201171875,7305.919921875,7305.919921875,56907200
2023-03-09,7315.8798828125,7333.22021484375,7274.0498046875,7317.43017578125,64735900
2023-03-10,7220.669921875,7256.47998046875,7166.89013671875,7193.3701171875,99781300
2023-03-13,7011.5,7211.43994140625,6979.5498046875,7211.43994140625,141250200
2023-03-14,7141.56982421875,7162.56982421875,6989.9599609375,7029.22021484375,100862300
2023-03-15,6885.7099609375,7123.2001953125,6861.6298828125,7123.2001953125,174797900
2023-03-16,7025.72021484375,7063.31005859375,6876.60986328125,6987.6298828125,132832700
2023-03-17,6925.39990234375,7104.75,6895.72998046875,7086.10009765625,203828600
2023-03-20,7013.14013671875,7049.759765625,6796.2099609375,6900.89990234375,0
2023-03-21,7112.91015625,7150.330078125,7083.81005859375,7089.009765625,94861700
2023-03-22,7131.1201171875,7157.72998046875,7080.18017578125,7105.31982421875,65186100
2023-03-23,7139.25,7149.919921875,7073.5,7118.14013671875,0
2023-03-24,7015.10009765625,7108.66015625,6953.580078125,7108.16015625,0
2023-03-27,7078.27001953125,7119.58984375,7039.08984375,7103.52978515625,80202400
2023-03-28,7088.33984375,7154.56005859375,7066.27001953125,7145.66015625,71634200
2023-03-29,7186.990234375,7201.25,7125.1201171875,7141.0498046875,78047700
2023-03-30,7263.3701171875,7292.39013671875,7222.68994140625,7222.68994140625,73846100
2023-03-31,7322.39013671875,7341.7900390625,7264.81982421875,7271.18994140625,84335300
2023-04-03,7345.9599609375,7362.39013671875,7332.64013671875,7341.68994140625,64074600
2023-04-04,7344.9599609375,7399.58984375,7344.33984375,7375.7900390625,66324100
2023-04-05,7316.2998046875,7359.39990234375,7300.330078125,7350.02978515625,76911000
2023-04-06,7324.75,7344.33984375,7312.60986328125,7328.56982421875,67271300
2023-04-11,7390.27978515625,7403.669921875,7370.08984375,7381.77001953125,73186100
2023-04-12,7396.93994140625,7463.669921875,7379.7900390625,7396.81005859375,63577700
2023-04-13,7480.830078125,7485.58984375,7450.759765625,7450.759765625,59146200
2023-04-14,7519.60986328125,7533.41015625,7491.43017578125,7500.77001953125,71857700
2023-04-17,7498.18017578125,7552.0,7498.06982421875,7535.39013671875,67745800
2023-04-18,7533.6298828125,7559.35009765625,7509.0,7509.0,67638400
2023-04-19,7549.43994140625,7558.9501953125,7513.77001953125,7530.5400390625,0
2023-04-20,7538.7099609375,7546.06982421875,7506.919921875,7541.68017578125,72892900
2023-04-21,7577.0,7577.0,7518.31982421875,7551.5,73188400
2023-04-24,7573.85986328125,7581.259765625,7545.60009765625,7545.60009765625,63568000
2023-04-25,7531.60986328125,7541.72021484375,7504.259765625,7528.14990234375,73945200
2023-04-26,7466.66015625,7508.1298828125,7427.52978515625,7496.47998046875,91913500
2023-04-27,7483.83984375,7507.259765625,7446.66015625,7450.10009765625,78104400
2023-04-28,7491.5,7505.0498046875,7403.2001953125,7498.6201171875,87006000
2023-05-02,7383.2001953125,7505.919921875,7374.06005859375,7466.81982421875,83037300
2023-05-03,7403.830078125,7445.9501953125,7395.81982421875,7410.56005859375,61108100
2023-05-04,7340.77001953125,7393.02001953125,7316.14013671875,7381.39990234375,79974300
2023-05-05,7432.93017578125,7437.60009765625,7354.60009765625,7388.009765625,70692800
2023-05-08,7440.91015625,7456.4599609375,7416.22021484375,7427.9599609375,46786900
2023-05-09,7397.169921875,7419.89990234375,7358.4501953125,7415.009765625,63457500
2023-05-10,7361.2001953125,7416.31982421875,7337.66015625,7403.6201171875,75389600
2023-05-11,7381.77978515625,7436.93994140625,7333.919921875,7383.580078125,0
2023-05-12,7414.85009765625,7463.7001953125,7395.60009765625,7420.41015625,58340400
2023-05-15,7418.2099609375,7455.6298828125,7397.85986328125,7443.3798828125,48638700
2023-05-16,7406.009765625,7427.56982421875,7377.81005859375,7394.85009765625,61261800
2023-05-17,7399.43994140625,7422.580078125,7354.5400390625,7378.830078125,57783800
2023-05-18,7446.89013671875,7481.77978515625,7426.39013671875,7440.75,59991600
2023-05-19,7491.9599609375,7523.56005859375,7463.9599609375,7469.77978515625,67973200
2023-05-22,7478.16015625,7493.3798828125,7452.68994140625,7467.93017578125,57439200
2023-05-23,7378.7099609375,7459.3701171875,7378.7099609375,7457.18017578125,65786700
2023-05-24,7253.4599609375,7308.58984375,7223.580078125,7306.14013671875,77511200
2023-05-25,7229.27001953125,7261.0498046875,7197.39990234375,7261.0498046875,59437600
2023-05-26,7319.18017578125,7334.31005859375,7208.43994140625,7256.5,58221500
2023-05-29,7303.81005859375,7356.56982421875,7292.10986328125,7352.93017578125,33459400
2023-05-30,7209.75,7296.3798828125,7195.3798828125,7279.8798828125,69222900
2023-05-31,7098.7001953125,7185.1298828125,7083.60009765625,7136.169921875,214675800
2023-06-01,7137.43017578125,7171.60009765625,7090.4599609375,7139.39013671875,58144900
2023-06-02,7270.68994140625,7278.0,7179.31005859375,7181.7998046875,71138500
2023-06-05,7200.91015625,7294.81005859375,7193.3701171875,7294.81005859375,54498100
2023-06-06,7209.0,7219.3701171875,7175.60009765625,7189.6298828125,53479000
2023-06-07,7202.7900390625,7227.58984375,7170.93994140625,7198.240234375,50824500
2023-06-08,7222.14990234375,7236.14990234375,7184.18994140625,7196.22021484375,51059700
2023-06-09,7213.14013671875,7239.52001953125,7185.259765625,7230.9501953125,57292200
2023-06-12,7250.35009765625,7283.330078125,7237.85009765625,7250.14990234375,56911400
2023-06-13,7290.7998046875,7308.0,7244.419921875,7290.31005859375,65501800
2023-06-14,7328.52978515625,7358.990234375,7288.4599609375,7290.93994140625,66153600
2023-06-15,7290.91015625,7313.47021484375,7246.330078125,7304.97021484375,60422800
2023-06-16,7388.64990234375,7403.8798828125,7297.72998046875,7312.06982421875,170731900
2023-06-19,7314.0498046875,7362.43994140625,7302.6298828125,7353.31005859375,0
2023-06-20,7294.169921875,7322.56982421875,7281.1201171875,7303.240234375,55853400
2023-06-21,7260.97021484375,7297.85009765625,7246.85986328125,7273.89013671875,48414000
2023-06-22,7203.27978515625,7206.89013671875,7145.06005859375,7194.259765625,53704500
2023-06-23,7163.419921875,7193.77978515625,7128.64013671875,7165.3798828125,51938700
2023-06-26,7184.35009765625,7203.4599609375,7105.72021484375,7175.8798828125,52606600
2023-06-27,7215.580078125,7236.2099609375,7161.72021484375,7212.830078125,49886400
2023-06-28,7286.31982421875,7292.89013671875,7250.68017578125,7250.68017578125,53588400
2023-06-29,7312.72998046875,7349.18017578125,7288.64990234375,7295.759765625,60930900
2023-06-30,7400.06005859375,7419.35986328125,7337.27978515625,7339.89013671875,84279200
2023-07-03,7386.7001953125,7426.60009765625,7386.7001953125,7415.169921875,46756600
2023-07-04,7369.93017578125,7401.4599609375,7368.97021484375,7390.91015625,38120100
2023-07-05,7310.81005859375,7352.1201171875,7294.60009765625,7327.77978515625,60271900
2023-07-06,7082.2900390625,7240.2001953125,7065.259765625,7239.89990234375,83220200
2023-07-07,7111.8798828125,7151.06982421875,7052.77001953125,7098.75,55691900
2023-07-10,7143.68994140625,7173.64990234375,7082.4599609375,7082.4599609375,41303800
2023-07-11,7220.009765625,7244.9599609375,7172.14013671875,7176.18017578125,43936800
2023-07-12,7333.009765625,7348.06005859375,7231.330078125,7241.06005859375,60353600
2023-07-13,7369.7998046875,7409.009765625,7335.60986328125,7346.56005859375,53762900
2023-07-14,7374.5400390625,7403.14990234375,7353.919921875,7353.919921875,38957900
2023-07-17,7291.66015625,7332.5,7268.72998046875,7314.169921875,35648100
2023-07-18,7319.18017578125,7326.72021484375,7275.52001953125,7280.18994140625,36847300
2023-07-19,7326.93994140625,7382.89013671875,7317.5400390625,7369.7998046875,44834900
2023-07-20,7384.91015625,7391.4501953125,7301.1201171875,7302.22021484375,52025800
2023-07-21,7432.77001953125,7433.31005859375,7379.6201171875,7389.509765625,50212100
2023-07-24,7427.31005859375,7435.93017578125,7390.81982421875,7405.66015625,0
2023-07-25,7415.4501953125,7450.3701171875,7401.830078125,7449.93994140625,46585200
2023-07-26,7315.06982421875,7369.06982421875,7251.02001953125,7363.5400390625,61674900
2023-07-27,7465.240234375,7477.10986328125,7340.02978515625,7358.66015625,81038100
2023-07-28,7476.47021484375,7498.93994140625,7416.2001953125,7449.2001953125,68278600
2023-07-31,7497.77978515625,7526.0498046875,7464.64990234375,7473.1201171875,60786100
2023-08-01,7406.080078125,7499.52978515625,7403.16015625,7478.10009765625,53827600
2023-08-02,7312.83984375,7377.009765625,7287.0400390625,7312.91015625,66100000
2023-08-03,7260.52978515625,7271.830078125,7213.8701171875,7256.06005859375,70017100
2023-08-04,7315.06982421875,7323.18994140625,7244.18994140625,7286.97998046875,67381300
2023-08-07,7319.759765625,7330.240234375,7269.47998046875,7290.3701171875,40392600
2023-08-08,7269.47021484375,7325.72998046875,7219.1201171875,7271.0498046875,59934000
2023-08-09,7322.0400390625,7381.3798828125,7317.3798828125,7351.02001953125,49539900
2023-08-10,7433.6201171875,7464.7900390625,7368.9501953125,7373.5498046875,55462200
2023-08-11,7340.18994140625,7406.89013671875,7317.759765625,7391.25,45994600
2023-08-14,7348.83984375,7371.93017578125,7309.93994140625,7326.77978515625,37852500
2023-08-15,7267.7001953125,7357.7099609375,7236.56005859375,7355.080078125,36007600
2023-08-16,7260.25,7301.10986328125,7241.10009765625,7246.72998046875,35669800
2023-08-17,7191.740234375,7261.89990234375,7183.5,7229.06005859375,44487100
2023-08-18,7164.10986328125,7172.990234375,7092.72021484375,7163.2099609375,49419000
2023-08-21,7198.06005859375,7259.31982421875,7165.06982421875,7165.06982421875,39845700
2023-08-22,7240.8798828125,7293.6298828125,7223.06982421875,7227.10009765625,0
2023-08-23,7246.6201171875,7295.35986328125,7224.06982421875,7265.97998046875,39128000
2023-08-24,7214.4599609375,7343.77001953125,7210.0,7309.60986328125,37453800
2023-08-25,7229.60009765625,7287.56005859375,7196.83984375,7199.58984375,32957800
2023-08-28,7324.7099609375,7340.35009765625,7261.5,7294.33984375,35231600
2023-08-29,7373.43017578125,7378.0498046875,7322.4501953125,7345.56982421875,47511000
2023-08-30,7364.39990234375,7405.4501953125,7321.35009765625,7396.14013671875,37841600
2023-08-31,7316.7001953125,7386.9501953125,7316.7001953125,7372.64990234375,97985800
2023-09-01,7296.77001953125,7358.52978515625,7294.490234375,7310.68017578125,45903600
2023-09-04,7279.509765625,7358.89013671875,7267.25,7332.2001953125,34351600
2023-09-05,7254.72021484375,7288.35009765625,7183.7998046875,7241.2001953125,51494100
2023-09-06,7194.08984375,7221.43994140625,7168.83984375,7217.43994140625,50998000
2023-09-07,7196.10009765625,7240.72021484375,7165.97998046875,7165.97998046875,50965400
2023-09-08,7240.77001953125,7246.740234375,7136.56005859375,7219.91015625,45098500
2023-09-11,7278.27001953125,7316.5,7253.64990234375,7275.3701171875,45367500
2023-09-12,7252.8798828125,7297.8701171875,7241.990234375,7290.6201171875,49023200
2023-09-13,7222.56982421875,7249.33984375,7184.56005859375,7224.6201171875,53756100
2023-09-14,7308.669921875,7323.68017578125,7184.25,7216.080078125,68698900
2023-09-15,7378.81982421875,7435.35986328125,7366.2099609375,7381.31982421875,154925000
2023-09-18,7276.14013671875,7353.5498046875,7255.02978515625,7353.5498046875,73474400
2023-09-19,7282.1201171875,7306.02001953125,7247.02001953125,7250.0498046875,53260300
2023-09-20,7330.7900390625,7351.2900390625,7272.68017578125,7278.919921875,58755900
2023-09-21,7213.89990234375,7270.06005859375,7199.10986328125,7252.41015625,60321000
2023-09-22,7184.81982421875,7203.97021484375,7133.64990234375,7157.39013671875,53604800
2023-09-25,7123.8798828125,7199.9501953125,7087.6298828125,7157.22998046875,50383800
2023-09-26,7074.02001953125,7095.4599609375,7033.830078125,7083.85986328125,49374400
2023-09-27,7071.7900390625,7106.3701171875,7053.10986328125,7070.39013671875,52633000
2023-09-28,7116.240234375,7117.330078125,7042.740234375,7068.02978515625,53878800
2023-09-29,7135.06005859375,7204.9599609375,7135.06005859375,7152.2998046875,62306100
2023-10-02,7068.16015625,7197.0,7035.64990234375,7164.0498046875,0
2023-10-03,6997.0498046875,7075.490234375,6989.77001953125,7031.58984375,60270400
2023-10-04,6996.72998046875,7050.68994140625,6948.02978515625,6959.52001953125,53552300
2023-10-05,6998.25,7025.5,6970.58984375,7009.81982421875,62848100
2023-10-06,7060.14990234375,7064.43994140625,6981.490234375,7022.06982421875,60655400
2023-10-09,7021.39990234375,7057.81005859375,6980.330078125,7041.3798828125,52188000
2023-10-10,7162.43017578125,7170.31982421875,7085.1298828125,7086.72021484375,62230600
2023-10-11,7131.2099609375,7166.5,7080.009765625,7090.18017578125,59889100
2023-10-12,7104.52978515625,7182.2998046875,7097.52978515625,7175.77001953125,51297700
2023-10-13,7003.52978515625,7108.759765625,6997.47998046875,7097.14990234375,67408900
2023-10-16,7022.18994140625,7048.33984375,6963.02001953125,7029.75,51422100
2023-10-17,7029.7001953125,7051.18017578125,6969.06982421875,7016.25,44928500
2023-10-18,6965.990234375,7045.18017578125,6954.10009765625,7021.1298828125,49961000
2023-10-19,6921.3701171875,6938.31005859375,6875.77001953125,6918.080078125,62442600
2023-10-20,6816.22021484375,6880.64013671875,6816.169921875,6850.1298828125,79130900
2023-10-23,6850.47021484375,6855.93017578125,6773.81982421875,6820.25,53038700
2023-10-24,6893.64990234375,6909.080078125,6833.91015625,6865.10009765625,58807000
2023-10-25,6915.06982421875,6927.27001953125,6846.509765625,6859.68994140625,69113800
2023-10-26,6888.9599609375,6915.240234375,6825.58984375,6835.52978515625,71582200
2023-10-27,6795.3798828125,6898.97998046875,6784.6201171875,6898.97998046875,68755200
2023-10-30,6825.06982421875,6854.60009765625,6809.83984375,6826.9501953125,59561000
2023-10-31,6885.64990234375,6903.2001953125,6831.669921875,6840.72998046875,66344100
2023-11-01,6932.6298828125,6954.83984375,6873.5498046875,6914.31982421875,50434500
2023-11-02,7060.68994140625,7097.39013671875,6982.0400390625,6991.4501953125,67508200
2023-11-03,7047.5,7086.7099609375,7046.85986328125,7084.509765625,67586800
2023-11-06,7013.72998046875,7069.66015625,7006.52978515625,7066.18017578125,49088200
2023-11-07,6986.22998046875,7011.7900390625,6963.8798828125,6970.66015625,55272500
2023-11-08,7034.16015625,7068.0400390625,6950.9501953125,6951.47998046875,52404100
2023-11-09,7113.66015625,7122.509765625,7025.60986328125,7043.8798828125,54999000
2023-11-10,7045.0400390625,7083.1201171875,7006.08984375,7079.39990234375,0
2023-11-13,7087.06005859375,7103.669921875,7056.08984375,7069.8798828125,48080100
2023-11-14,7185.68017578125,7207.77001953125,7083.22998046875,7098.72021484375,65725700
2023-11-15,7209.60986328125,7245.3701171875,7198.91015625,7214.68994140625,73269900
2023-11-16,7168.39990234375,7210.009765625,7168.39990234375,7203.9599609375,53810200
2023-11-17,7233.91015625,7246.72021484375,7196.68994140625,7196.68994140625,63665900
2023-11-20,7246.93017578125,7267.0400390625,7236.02001953125,7242.39990234375,41813900
2023-11-21,7229.4501953125,7248.06005859375,7214.39013671875,7231.0400390625,39932500
2023-11-22,7260.72998046875,7274.77001953125,7243.830078125,7252.009765625,40263400
2023-11-23,7277.93017578125,7285.2900390625,7263.669921875,7274.25,31465600
2023-11-24,7292.7998046875,7298.91015625,7268.580078125,7275.0,37987800
2023-11-27,7265.490234375,7307.669921875,7265.490234375,7292.91015625,38503700
2023-11-28,7250.1298828125,7253.419921875,7213.740234375,7230.740234375,42470600
2023-11-29,7267.64013671875,7296.39990234375,7241.41015625,7241.41015625,53866700
2023-11-30,7310.77001953125,7321.47021484375,7255.0400390625,7276.8701171875,126882100
2023-12-01,7346.14990234375,7360.10009765625,7313.18994140625,7336.5498046875,53497400
2023-12-04,7332.58984375,7354.31982421875,7313.7099609375,7331.7998046875,46578000
2023-12-05,7386.990234375,7392.64013671875,7320.490234375,7320.490234375,57280900
2023-12-06,7435.990234375,7455.0,7384.990234375,7400.2099609375,60289800
2023-12-07,7428.52001953125,7436.9501953125,7415.66015625,7424.81982421875,52251300
2023-12-08,7526.5498046875,7545.68017578125,7437.97021484375,7441.0,59298200
2023-12-11,7551.52978515625,7559.9501953125,7527.580078125,7534.22998046875,50140300
2023-12-12,7543.5498046875,7582.47021484375,7542.52978515625,7557.31982421875,51465600
2023-12-13,7531.22021484375,7579.25,7529.10986328125,7542.10009765625,62227400
2023-12-14,7575.85009765625,7653.990234375,7547.0,7626.5400390625,91147700
2023-12-15,7596.91015625,7641.91015625,7587.68017578125,7607.919921875,134492900
2023-12-18,7568.85986328125,7580.64013671875,7548.18017578125,7563.31005859375,53706600
2023-12-19,7574.669921875,7579.85986328125,7553.080078125,7560.56982421875,48691300
2023-12-20,7583.43017578125,7604.9599609375,7552.2900390625,7595.25,43864700
2023-12-21,7571.39990234375,7574.7099609375,7537.81005859375,7557.16015625,36202800
2023-12-22,7568.81982421875,7589.0,7557.580078125,7560.97021484375,31755700
2023-12-27,7571.81982421875,7603.27001953125,7560.5400390625,7580.97021484375,31599200
2023-12-28,7535.16015625,7593.9599609375,7531.7099609375,7591.85009765625,31277400
2023-12-29,7543.18017578125,7569.919921875,7530.93017578125,7547.52978515625,27796000
2024-01-02,7530.85986328125,7610.10009765625,7482.06005859375,7577.330078125,43443100
2024-01-03,7411.85986328125,7532.60009765625,7380.06005859375,7522.81005859375,63685500
2024-01-04,7450.6298828125,7455.3701171875,7410.18017578125,7419.85009765625,51878000
2024-01-05,7420.68994140625,7441.10009765625,7350.2998046875,7398.39990234375,43819900
2024-01-08,7450.240234375,7451.169921875,7376.2001953125,7406.240234375,37426500
2024-01-09,7426.6201171875,7460.18017578125,7400.6201171875,7457.259765625,45159400
2024-01-10,7426.080078125,7454.31982421875,7409.52978515625,7428.259765625,43697000
2024-01-11,7387.6201171875,7479.419921875,7382.8798828125,7466.10986328125,57821000
2024-01-12,7465.14013671875,7478.66015625,7408.4599609375,7412.68017578125,50299100
2024-01-15,7411.68017578125,7479.27001953125,7401.06982421875,7467.7998046875,40568900
2024-01-16,7398.0,7399.2900390625,7343.52001953125,7364.10986328125,49822800
2024-01-17,7318.68994140625,7323.25,7281.10009765625,7313.259765625,59431200
2024-01-18,7401.35009765625,7409.64013671875,7326.4501953125,7346.7099609375,51151100
2024-01-19,7371.64013671875,7446.81982421875,7350.68017578125,7446.81982421875,51572100
2024-01-22,7413.25,7453.2099609375,7390.68017578125,7436.60986328125,47900000
2024-01-23,7388.0400390625,7449.3798828125,7373.22021484375,7449.3798828125,50061200
2024-01-24,7455.64013671875,7466.919921875,7403.8701171875,7414.759765625,58529300
2024-01-25,7464.2001953125,7466.27001953125,7410.89013671875,7448.0498046875,48432800
2024-01-26,7634.14013671875,7645.740234375,7553.64990234375,7555.0498046875,67454400
2024-01-29,7640.81005859375,7649.18994140625,7620.52978515625,7643.0400390625,55590300
2024-01-30,7677.47021484375,7686.02978515625,7644.72998046875,7660.64990234375,49655300
2024-01-31,7656.75,7702.9501953125,7653.4501953125,7691.66015625,66991100
2024-02-01,7588.75,7620.93017578125,7570.06982421875,7590.14990234375,73997400
2024-02-02,7592.259765625,7644.1298828125,7588.5,7624.4501953125,54022500
2024-02-05,7589.9599609375,7606.1201171875,7558.22998046875,7591.77001953125,51727200
2024-02-06,7638.97021484375,7641.6298828125,7592.08984375,7634.18994140625,56890100
2024-02-07,7611.259765625,7652.85009765625,7610.18017578125,7632.83984375,62951100
2024-02-08,7665.6298828125,7685.4599609375,7607.4599609375,7628.60009765625,76648600
2024-02-09,7647.52001953125,7668.18994140625,7617.740234375,7652.4501953125,65846200
2024-02-12,7689.7998046875,7693.080078125,7663.3798828125,7674.14013671875,54098400
2024-02-13,7625.31005859375,7691.18994140625,7598.02001953125,7689.0498046875,61423400
2024-02-14,7677.35009765625,7681.02978515625,7610.06005859375,7610.06005859375,53510400
2024-02-15,7743.419921875,7752.35009765625,7724.490234375,7724.490234375,70689400
2024-02-16,7768.18017578125,7800.91015625,7756.580078125,7774.39013671875,62292000
2024-02-19,7768.5498046875,7769.1298828125,7727.9599609375,7742.8701171875,40789600
2024-02-20,7795.22021484375,7804.5400390625,7757.490234375,7764.5,58213500
2024-02-21,7812.08984375,7821.93017578125,7788.68017578125,7802.0400390625,56413900
2024-02-22,7911.60009765625,7923.9599609375,7855.009765625,7875.8798828125,69989500
2024-02-23,7966.68017578125,7976.39990234375,7907.83984375,7921.9501953125,56243600
2024-02-26,7929.81982421875,7953.14990234375,7922.89013671875,7950.14990234375,50915600
2024-02-27,7948.39990234375,7955.47998046875,7917.080078125,7926.68017578125,50397300
2024-02-28,7954.39013671875,7956.72998046875,7931.669921875,7947.22998046875,52757500
2024-02-29,7927.43017578125,7977.68017578125,7927.43017578125,7972.85986328125,108526900
2024-03-01,7934.169921875,7964.77978515625,7900.47998046875,7950.66015625,51109100
2024-03-04,7956.41015625,7956.41015625,7916.7099609375,7934.35009765625,44552100
2024-03-05,7932.81982421875,7963.9599609375,7923.7099609375,7946.89013671875,49947000
2024-03-06,7954.740234375,7969.4501953125,7919.3701171875,7925.7900390625,53369000
2024-03-07,8016.22021484375,8029.3701171875,7905.41015625,7925.41015625,63194300
2024-03-08,8028.009765625,8048.08984375,8008.0400390625,8018.10009765625,50762700
2024-03-11,8019.72998046875,8025.41015625,7984.06005859375,7985.3701171875,50594200
2024-03-12,8087.47998046875,8094.06982421875,8000.22998046875,8052.16015625,68922600
2024-03-13,8137.580078125,8156.64013671875,8090.31005859375,8104.33984375,63153200
2024-03-14,8161.419921875,8218.0703125,8153.68994140625,8158.27001953125,62287100
2024-03-15,8164.35009765625,8212.6904296875,8155.68994140625,8163.18994140625,151117200
2024-03-18,8148.14013671875,8184.33984375,8134.14013671875,8175.97998046875,44608500
2024-03-19,8201.0498046875,8202.3603515625,8140.60009765625,8145.5,51448700
2024-03-20,8161.41015625,8168.22998046875,8125.64990234375,8149.7099609375,44956100
2024-03-21,8179.72021484375,8229.25,8139.52001953125,8228.7099609375,60104600
2024-03-22,8151.919921875,8179.31982421875,8129.169921875,8149.22998046875,50219300
2024-03-25,8151.60009765625,8165.9501953125,8101.830078125,8147.7998046875,45329300
2024-03-26,8184.75,8188.52978515625,8136.64013671875,8160.64013671875,54983800
2024-03-27,8204.8095703125,8230.3798828125,8174.259765625,8186.06982421875,49550700
2024-03-28,8205.8095703125,8253.58984375,8205.8095703125,8216.76953125,63579600
2024-04-02,8130.0498046875,8253.0498046875,8121.39013671875,8195.650390625,71702800
2024-04-03,8153.22998046875,8160.0400390625,8120.9501953125,8144.9599609375,63544700
2024-04-04,8151.5498046875,8189.66015625,8137.97998046875,8154.41015625,49450700
2024-04-05,8061.31005859375,8062.009765625,8019.2900390625,8050.25,65166400
2024-04-08,8119.2998046875,8145.22021484375,8049.509765625,8050.02001953125,49226900
2024-04-09,8049.169921875,8103.2001953125,8032.27001953125,8090.47021484375,52222200
2024-04-10,8045.3798828125,8101.47021484375,7976.009765625,8101.0400390625,56907100
2024-04-11,8023.740234375,8092.81982421875,7974.06005859375,8048.16015625,62259400
2024-04-12,8010.830078125,8118.02001953125,7980.39013671875,8092.4501953125,59193000
2024-04-15,8045.10986328125,8126.3798828125,8028.83984375,8051.259765625,53987200
2024-04-16,7932.60986328125,7975.9599609375,7899.35986328125,7899.35986328125,73138700
2024-04-17,7981.509765625,8060.990234375,7958.0,7958.52001953125,59951900
2024-04-18,8023.259765625,8039.18994140625,7976.39990234375,8013.91015625,57583000
2024-04-19,8022.41015625,8039.47998046875,7946.83984375,7971.68017578125,65692000
2024-04-22,8040.35986328125,8071.81005859375,8007.4501953125,8068.14013671875,56900500
2024-04-23,8105.77978515625,8111.169921875,8052.56982421875,8064.31982421875,64048300
2024-04-24,8091.85986328125,8146.9599609375,8078.77001953125,8105.22021484375,69590900
2024-04-25,8016.64990234375,8095.43017578125,7955.509765625,8094.5498046875,70130400
2024-04-26,8088.240234375,8114.6298828125,8024.6201171875,8072.22998046875,65898300
2024-04-29,8065.14990234375,8128.0,8065.14990234375,8116.43017578125,55164400
2024-04-30,7984.93017578125,8081.7099609375,7971.7998046875,8073.64013671875,76456900
2024-05-02,7914.64990234375,7956.52001953125,7908.6298828125,7954.009765625,75730100
2024-05-03,7957.56982421875,8003.9501953125,7921.2099609375,7943.8701171875,69643700
2024-05-06,7996.64013671875,8033.22998046875,7961.4501953125,7975.85986328125,43781100
2024-05-07,8075.68017578125,8077.64013671875,8006.31005859375,8036.75,58688300
2024-05-08,8131.41015625,8157.47998046875,8089.27978515625,8093.6201171875,53988400
2024-05-09,8187.64990234375,8191.919921875,8114.8798828125,8123.919921875,39071500
2024-05-10,8219.1396484375,8259.1904296875,8211.2001953125,8232.650390625,57091000
2024-05-13,8209.2802734375,8223.8095703125,8186.77001953125,8211.0703125,48113100
2024-05-14,8225.7998046875,8233.1796875,8187.68994140625,8213.8095703125,51519900
2024-05-15,8239.990234375,8253.099609375,8203.400390625,8241.6796875,54875300
2024-05-16,8188.490234375,8239.76953125,8183.18994140625,8239.76953125,50655300
2024-05-17,8167.5,8192.919921875,8135.7998046875,8176.7900390625,63196600
2024-05-20,8195.9697265625,8221.2998046875,8175.4599609375,8178.6298828125,34697000
2024-05-21,8141.4599609375,8167.5,8097.97998046875,8163.169921875,0
2024-05-22,8092.10986328125,8128.580078125,8078.5,8128.580078125,51869500
2024-05-23,8102.330078125,8135.81005859375,8082.47998046875,8104.31005859375,45130000
2024-05-24,8094.97021484375,8104.06982421875,8042.2998046875,8053.7900390625,39404700
2024-05-27,8132.490234375,8132.490234375,8086.759765625,8088.33984375,31032900
2024-05-28,8057.7998046875,8148.759765625,8041.02001953125,8134.72021484375,45666700
2024-05-29,7935.02978515625,8040.02978515625,7926.419921875,8033.56005859375,62601300
2024-05-30,7978.509765625,7981.080078125,7914.169921875,7914.85009765625,49494400
2024-05-31,7992.8701171875,7996.89013671875,7960.169921875,7972.5498046875,150576300
2024-06-03,7998.02001953125,8072.31005859375,7995.080078125,8069.6201171875,51288400
2024-06-04,7937.89990234375,7984.25,7914.27001953125,7974.43994140625,60129200
2024-06-05,8006.56982421875,8036.39990234375,7957.919921875,7983.02978515625,53117100
2024-06-06,8040.1201171875,8055.52001953125,8015.68994140625,8044.2900390625,51759100
2024-06-07,8001.7998046875,8048.58984375,7943.2900390625,8046.919921875,67501500
2024-06-10,7893.97998046875,7893.97998046875,7812.52001953125,7812.52001953125,105503100
2024-06-11,7789.2099609375,7931.72021484375,7759.83984375,7921.08984375,95660700
2024-06-12,7864.7001953125,7875.18017578125,7802.009765625,7813.77001953125,81844200
2024-06-13,7708.02001953125,7858.31982421875,7692.72021484375,7855.3701171875,96876000
2024-06-14,7503.27001953125,7686.89013671875,7464.83984375,7685.5,158952700
2024-06-17,7571.56982421875,7580.93994140625,7482.3798828125,7539.02978515625,78514600
2024-06-18,7628.7998046875,7641.1201171875,7564.02001953125,7636.68994140625,74421300
2024-06-19,7570.2001953125,7626.1298828125,7566.08984375,7617.35009765625,59199000
2024-06-20,7671.33984375,7682.64013671875,7577.919921875,7585.97998046875,67208700
2024-06-21,7628.56982421875,7673.72998046875,7601.81982421875,7653.14013671875,147594900
2024-06-24,7706.89013671875,7725.27978515625,7629.27001953125,7633.990234375,60676900
2024-06-25,7662.2998046875,7671.06005859375,7617.16015625,7648.14013671875,66819100
2024-06-26,7609.14990234375,7707.14990234375,7559.6298828125,7703.7998046875,66431400
2024-06-27,7530.72021484375,7626.3798828125,7522.16015625,7619.10009765625,63132200
2024-06-28,7479.39990234375,7544.39990234375,7456.47021484375,7544.39990234375,82277400
2024-07-01,7561.1298828125,7688.2001953125,7561.1298828125,7673.47998046875,0
2024-07-02,7538.2900390625,7543.14990234375,7477.27001953125,7517.64990234375,65355700
2024-07-03,7632.080078125,7662.06005859375,7566.41015625,7579.64013671875,68453700
2024-07-04,7695.77978515625,7701.35009765625,7667.0498046875,7677.33984375,50797600
2024-07-05,7675.6201171875,7738.18994140625,7643.68994140625,7720.5400390625,52526100
2024-07-08,7627.4501953125,7746.06005859375,7627.4501953125,7637.89013671875,59228600
2024-07-09,7508.66015625,7601.85009765625,7484.6201171875,7595.97021484375,70427400
2024-07-10,7573.5498046875,7580.1201171875,7487.39013671875,7525.18017578125,54983100
2024-07-11,7627.1298828125,7645.97998046875,7577.0,7613.08984375,56787300
2024-07-12,7724.31982421875,7737.16015625,7659.08984375,7664.93994140625,0
2024-07-15,7632.7099609375,7712.85009765625,7618.72998046875,7682.33984375,50572200
2024-07-16,7580.02978515625,7603.419921875,7556.5498046875,7583.5,41896500
2024-07-17,7570.81005859375,7603.4599609375,7524.8798828125,7556.1298828125,47867600
2024-07-18,7586.5498046875,7653.22021484375,7559.10009765625,7606.240234375,54718600
2024-07-19,7534.52001953125,7570.330078125,7513.66015625,7565.8798828125,62735500
2024-07-22,7622.02001953125,7650.93017578125,7566.5400390625,7573.41015625,50270200
2024-07-23,7598.6298828125,7661.77001953125,7572.97998046875,7628.02001953125,51052600
2024-07-24,7513.72998046875,7539.9501953125,7464.10009765625,7500.669921875,54742100
2024-07-25,7427.02001953125,7430.93994140625,7341.25,7416.7001953125,86626400
2024-07-26,7517.68017578125,7526.27001953125,7427.47021484375,7444.41015625,61161100
2024-07-29,7443.83984375,7547.64013671875,7429.43017578125,7547.4501953125,47280100
2024-07-30,7474.93994140625,7501.56005859375,7450.93017578125,7461.60986328125,44704300
2024-07-31,7531.490234375,7584.490234375,7518.47021484375,7565.10009765625,69658700
2024-08-01,7370.4501953125,7487.1201171875,7358.08984375,7478.14013671875,80103000
2024-08-02,7251.7998046875,7350.2900390625,7227.7900390625,7330.60009765625,104422800
2024-08-05,7148.990234375,7158.60009765625,7029.91015625,7099.58984375,102112900
2024-08-06,7130.0400390625,7184.2900390625,7070.02001953125,7160.06982421875,69660300
2024-08-07,7266.009765625,7287.85009765625,7145.8798828125,7161.93994140625,77887500
2024-08-08,7247.4501953125,7262.080078125,7168.990234375,7223.009765625,48242600
2024-08-09,7269.7099609375,7319.509765625,7233.68994140625,7259.7001953125,43632200
2024-08-12,7250.669921875,7307.4501953125,7234.2001953125,7296.83984375,38393400
2024-08-13,7275.8701171875,7282.85009765625,7222.080078125,7277.7001953125,40391200
2024-08-14,7333.35986328125,7333.35986328125,7295.89013671875,7330.16015625,41049100
2024-08-15,7423.3701171875,7437.33984375,7318.14013671875,7356.06982421875,48261500
2024-08-16,7449.7001953125,7460.330078125,7421.47998046875,7442.2998046875,49398000
2024-08-19,7484.169921875,7484.419921875,7444.72021484375,7445.31005859375,9965800
2024-08-20,7485.72998046875,7531.7001953125,7481.669921875,7518.7001953125,38041400
2024-08-21,7524.72021484375,7530.47998046875,7486.91015625,7486.91015625,36452200
2024-08-22,7524.10986328125,7568.6298828125,7523.52978515625,7527.9599609375,31263100
2024-08-23,7577.0400390625,7583.5,7534.2998046875,7544.72998046875,38259400
2024-08-26,7590.3701171875,7608.31982421875,7577.6298828125,7578.02001953125,28200300
2024-08-27,7565.77978515625,7625.080078125,7565.77978515625,7601.27001953125,35794200
2024-08-28,7577.669921875,7611.919921875,7577.669921875,7587.47021484375,37593000
2024-08-29,7640.9501953125,7644.68017578125,7576.35986328125,7577.169921875,39821600
2024-08-30,7630.9501953125,7693.81982421875,7630.9501953125,7645.52978515625,78196800
2024-09-02,7646.419921875,7649.10009765625,7572.77001953125,7628.85986328125,32455100
2024-09-03,7575.10009765625,7671.52978515625,7564.990234375,7659.81005859375,51982000
2024-09-04,7500.97021484375,7530.830078125,7482.39990234375,7490.10009765625,54004600
2024-09-05,7431.9599609375,7498.080078125,7431.9599609375,7464.27978515625,63444800
2024-09-06,7352.2998046875,7466.14013671875,7341.93017578125,7424.08984375,60963800
2024-09-09,7425.259765625,7445.0498046875,7369.89990234375,7376.72021484375,48487900
2024-09-10,7407.5498046875,7476.5400390625,7386.52978515625,7414.39990234375,0
2024-09-11,7396.830078125,7452.68017578125,7363.31005859375,7419.0400390625,57055800
2024-09-12,7435.06982421875,7484.16015625,7391.5400390625,7478.91015625,53483400
2024-09-13,7465.25,7490.83984375,7438.64990234375,7441.56005859375,51699000
2024-09-16,7449.43994140625,7480.60009765625,7430.06005859375,7432.169921875,39034700
2024-09-17,7487.419921875,7523.8701171875,7473.89990234375,7485.14013671875,54489600
2024-09-18,7444.89990234375,7495.31005859375,7444.18017578125,7489.85009765625,45990000
2024-09-19,7615.41015625,7615.41015625,7520.080078125,7557.0400390625,68585500
2024-09-20,7500.259765625,7603.2001953125,7500.259765625,7597.52001953125,126034400
2024-09-23,7508.080078125,7518.77001953125,7456.43994140625,7499.919921875,63937800
2024-09-24,7604.009765625,7634.22998046875,7575.35986328125,7608.47021484375,60274300
2024-09-25,7565.6201171875,7595.77001953125,7546.85986328125,7549.259765625,58321800
2024-09-26,7742.08984375,7742.08984375,7652.60986328125,7663.02978515625,78593100
2024-09-27,7791.7900390625,7804.64013671875,7743.8798828125,7762.4501953125,72880900
2024-09-30,7635.75,7763.89013671875,7634.81982421875,7748.06982421875,103180100
2024-10-01,7574.06982421875,7654.580078125,7547.1201171875,7623.330078125,68819000
2024-10-02,7577.58984375,7623.31982421875,7548.97998046875,7594.81005859375,58414400
2024-10-03,7477.77978515625,7555.240234375,7458.490234375,7555.22998046875,77402000
2024-10-04,7541.35986328125,7571.759765625,7460.2900390625,7464.8701171875,73424000
2024-10-07,7576.02001953125,7585.330078125,7509.8701171875,7571.97021484375,54781900
2024-10-08,7521.31982421875,7542.0498046875,7475.77978515625,7480.35986328125,54049900
2024-10-09,7560.08984375,7567.580078125,7504.6298828125,7527.02978515625,50003800
2024-10-10,7541.58984375,7563.35986328125,7515.89990234375,7543.39990234375,47654900
2024-10-11,7577.89013671875,7587.52001953125,7504.0400390625,7530.8798828125,52952500
2024-10-14,7602.06005859375,7613.14990234375,7544.5400390625,7583.47998046875,43689100
2024-10-15,7521.97021484375,7601.52978515625,7511.240234375,7595.06005859375,73146200
2024-10-16,7492.0,7511.10009765625,7420.85009765625,7420.85009765625,64497000
2024-10-17,7583.72998046875,7624.22021484375,7507.9501953125,7510.1298828125,60446900
2024-10-18,7613.0498046875,7644.0498046875,7566.8701171875,7566.8701171875,62952600
2024-10-21,7536.22998046875,7620.4599609375,7529.68017578125,7579.080078125,47261500
2024-10-22,7535.10009765625,7545.35986328125,7472.16015625,7517.02978515625,50562200
2024-10-23,7497.47998046875,7544.7001953125,7468.580078125,7493.25,51669200
2024-10-24,7503.27978515625,7565.39013671875,7503.02001953125,7527.64013671875,63318800
2024-10-25,7497.5400390625,7518.75,7459.41015625,7489.8701171875,50453400
2024-10-28,7556.93994140625,7580.68017578125,7494.93017578125,7542.1298828125,53209700
2024-10-29,7511.10986328125,7618.31982421875,7506.52001953125,7593.85986328125,55427600
2024-10-30,7428.35986328125,7470.68994140625,7377.39013671875,7452.10009765625,69878300
2024-10-31,7350.3701171875,7393.25,7315.97021484375,7384.10009765625,103047400
2024-11-01,7409.10986328125,7434.259765625,7358.2001953125,7364.080078125,56971200
2024-11-04,7371.7099609375,7445.9599609375,7371.7099609375,7386.31982421875,45718400
2024-11-05,7407.14990234375,7414.81982421875,7350.0,7377.580078125,47126000
2024-11-06,7369.60986328125,7572.14013671875,7338.35009765625,7444.3701171875,108204000
2024-11-07,7425.60009765625,7450.0,7354.27978515625,7373.18994140625,86926000
2024-11-08,7338.669921875,7440.9501953125,7330.2099609375,7440.1201171875,67218200
2024-11-11,7426.8798828125,7452.60009765625,7387.52001953125,7395.08984375,56318000
2024-11-12,7226.97998046875,7365.27978515625,7217.77978515625,7346.72021484375,78448900
2024-11-13,7216.830078125,7256.47021484375,7158.25,7217.490234375,62925600
2024-11-14,7311.7998046875,7319.08984375,7220.0498046875,7247.919921875,71041000
2024-11-15,7269.6298828125,7319.52978515625,7236.47998046875,7256.580078125,66901200
2024-11-18,7278.22998046875,7289.77978515625,7234.58984375,7274.39990234375,50146900
2024-11-19,7229.64013671875,7301.18994140625,7134.830078125,7287.4599609375,64615700
2024-11-20,7198.4501953125,7280.39013671875,7188.419921875,7272.72998046875,55750600
2024-11-21,7213.31982421875,7223.60009765625,7131.2099609375,7185.2001953125,53383700
2024-11-22,7255.009765625,7271.06005859375,7156.22998046875,7250.64013671875,71958600
2024-11-25,7257.47021484375,7333.22998046875,7239.3798828125,7329.47998046875,122963000
2024-11-26,7194.509765625,7256.77978515625,7185.490234375,7201.64990234375,68773200
2024-11-27,7143.02978515625,7156.419921875,7091.14990234375,7150.02001953125,77023300
2024-11-28,7179.25,7207.06982421875,7161.72021484375,7170.91015625,56381700
2024-11-29,7235.10986328125,7241.06982421875,7147.740234375,7151.2998046875,66530400
2024-12-02,7236.89013671875,7275.97021484375,7146.02001953125,7147.3701171875,98817900
2024-12-03,7255.419921875,7319.8701171875,7228.919921875,7244.740234375,73182500
2024-12-04,7303.27978515625,7322.85986328125,7257.43017578125,7261.72021484375,73097300
2024-12-05,7330.5400390625,7351.0,7282.72021484375,7282.72021484375,82651900
2024-12-06,7426.8798828125,7444.72021484375,7334.14013671875,7334.27001953125,72204700
2024-12-09,7480.14013671875,7511.02001953125,7444.81005859375,7484.5,70243900
2024-12-10,7394.77978515625,7460.22998046875,7384.8798828125,7458.2900390625,62092200
2024-12-11,7423.39990234375,7437.580078125,7367.10986328125,7372.240234375,62203700
2024-12-12,7420.93994140625,7455.2001953125,7410.72998046875,7454.7099609375,61838000
2024-12-13,7409.56982421875,7460.60986328125,7388.60009765625,7408.16015625,82858600
2024-12-16,7357.080078125,7394.33984375,7339.31005859375,7382.240234375,135807000
2024-12-17,7365.7001953125,7381.14013671875,7316.47998046875,7321.93994140625,94104400
2024-12-18,7384.6201171875,7397.35009765625,7360.06005859375,7379.330078125,81504900
2024-12-19,7294.3701171875,7326.81005859375,7261.27978515625,7289.10986328125,86813900
2024-12-20,7274.47998046875,7289.330078125,7194.490234375,7244.14990234375,156262400
2024-12-23,7272.31982421875,7291.68994140625,7233.18994140625,7259.3701171875,46296600
2024-12-24,7282.68994140625,7316.58984375,7282.68994140625,7296.68994140625,20579600
2024-12-27,7355.3701171875,7355.3701171875,7278.419921875,7289.5400390625,46195200
2024-12-30,7313.56005859375,7372.64990234375,7299.39013671875,7325.5,41887400
2024-12-31,7380.740234375,7381.259765625,7287.14013671875,7289.7900390625,23241400
2025-01-02,7393.759765625,7399.25,7285.2998046875,7374.58984375,52769000
2025-01-03,7282.22021484375,7387.97021484375,7270.56982421875,7387.97021484375,61578200
2025-01-06,7445.68994140625,7454.8701171875,7304.47021484375,7313.35986328125,78726100
2025-01-07,7489.35009765625,7516.9501953125,7417.419921875,7451.33984375,68128400
2025-01-08,7452.419921875,7496.509765625,7396.68017578125,7489.2001953125,68013600
2025-01-09,7490.27978515625,7504.10986328125,7413.14990234375,7421.2001953125,46769000
2025-01-10,7431.0400390625,7521.22021484375,7417.58984375,7495.2099609375,65416600
2025-01-13,7408.64013671875,7424.509765625,7353.0498046875,7409.56005859375,61436800
2025-01-14,7423.669921875,7499.77001953125,7423.490234375,7481.9501953125,75439900
2025-01-15,7474.58984375,7514.91015625,7415.52001953125,7447.39013671875,90347900
2025-01-16,7634.740234375,7634.740234375,7567.669921875,7591.35009765625,74666800
2025-01-17,7709.75,7732.31982421875,7667.85009765625,7685.0400390625,93238600
2025-01-20,7733.5,7766.240234375,7707.2900390625,7722.1201171875,66371900
2025-01-21,7770.9501953125,7774.759765625,7713.259765625,7724.33984375,62824400
2025-01-22,7837.39990234375,7873.97998046875,7773.64013671875,7783.2998046875,70350300
2025-01-23,7892.60986328125,7896.97021484375,7829.39990234375,7851.39990234375,67604300
2025-01-24,7927.6201171875,7988.85009765625,7904.169921875,7958.919921875,65431800
2025-01-27,7906.580078125,7928.41015625,7844.41015625,7873.7001953125,87932900
2025-01-28,7897.3701171875,7955.4599609375,7879.330078125,7899.27978515625,73336500
2025-01-29,7872.47998046875,7891.58984375,7848.759765625,7874.72021484375,61912300
2025-01-30,7941.64013671875,7951.85009765625,7889.22021484375,7904.47021484375,71722800
2025-01-31,7950.169921875,7996.41015625,7928.83984375,7954.43017578125,77134700
2025-02-03,7854.919921875,7875.580078125,7785.8701171875,7786.31982421875,85149300
2025-02-04,7906.39990234375,7915.52978515625,7808.10986328125,7870.2900390625,83795000
2025-02-05,7891.68017578125,7900.7099609375,7858.22021484375,7888.60009765625,63874400
2025-02-06,8007.6201171875,8024.8798828125,7906.35986328125,7918.35986328125,104325900
2025-02-07,7973.02978515625,8027.0498046875,7954.89990234375,7998.3798828125,86935500
2025-02-10,8006.22021484375,8014.1298828125,7971.14990234375,7977.759765625,69365400
2025-02-11,8028.89990234375,8037.240234375,7995.64990234375,8013.009765625,63982300
2025-02-12,8042.18994140625,8067.06982421875,7984.72021484375,8039.60986328125,83614200
2025-02-13,8164.10986328125,8176.1201171875,8091.419921875,8120.81005859375,100733100
2025-02-14,8178.5400390625,8212.6396484375,8155.4501953125,8164.6201171875,84064800
2025-02-17,8189.1298828125,8199.0400390625,8165.89990234375,8181.39990234375,57770100
2025-02-18,8206.5595703125,8225.1298828125,8160.60986328125,8205.9404296875,71132800
2025-02-19,8110.5400390625,8208.669921875,8097.14013671875,8205.4404296875,76876600
2025-02-20,8122.580078125,8172.759765625,8107.31005859375,8140.77978515625,80101800
2025-02-21,8154.509765625,8180.72021484375,8126.8701171875,8138.240234375,85167900
2025-02-24,8090.990234375,8150.64013671875,8064.669921875,8138.85986328125,70669300
2025-02-25,8051.06982421875,8107.10986328125,8043.1298828125,8065.35986328125,84120800
2025-02-26,8143.919921875,8169.35009765625,8084.0498046875,8103.72998046875,89949900
2025-02-27,8102.52001953125,8136.85986328125,8048.27001953125,8104.22998046875,93870400
2025-02-28,8111.6298828125,8111.6298828125,8031.47998046875,8047.0400390625,132221800
2025-03-03,8199.7099609375,8257.8798828125,8087.31005859375,8139.1298828125,91389800
2025-03-04,8047.919921875,8136.27001953125,8001.14990234375,8112.1298828125,109307000
2025-03-05,8173.75,8245.240234375,8151.47021484375,8174.080078125,114727300
2025-03-06,8197.669921875,8229.4404296875,8103.5400390625,8226.1904296875,111802200
2025-03-07,8120.7998046875,8177.85009765625,8066.14990234375,8163.2998046875,103415600
2025-03-10,8047.60009765625,8174.58984375,8039.35986328125,8161.52978515625,104956400
2025-03-11,7941.91015625,8111.22021484375,7921.0498046875,8092.02001953125,102843400
2025-03-12,7988.9599609375,8072.4501953125,7938.85009765625,8006.0400390625,89409700
2025-03-13,7938.2099609375,8032.64990234375,7927.830078125,7983.56982421875,82347100
2025-03-14,8028.27978515625,8044.43994140625,7916.580078125,7924.22021484375,80007200
2025-03-17,8073.97998046875,8087.60009765625,8010.7099609375,8034.22998046875,68242800
2025-03-18,8114.56982421875,8140.08984375,8090.6298828125,8100.89013671875,78614400
2025-03-19,8171.47021484375,8181.85009765625,8096.5,8104.66015625,67187300
2025-03-20,8094.2001953125,8167.47998046875,8062.14013671875,8164.08984375,71330200
2025-03-21,8042.9501953125,8075.43994140625,8010.259765625,8062.27001953125,145105800
2025-03-24,8022.330078125,8114.4501953125,8002.33984375,8104.7099609375,61431800
2025-03-25,8108.58984375,8142.509765625,8042.72998046875,8042.72998046875,66802100
2025-03-26,8030.68017578125,8127.91015625,8025.2099609375,8121.990234375,68178000
2025-03-27,7990.10986328125,8015.89013671875,7926.93017578125,7968.7998046875,71336700
2025-03-28,7916.080078125,7975.5498046875,7894.6201171875,7949.22998046875,74145700
2025-03-31,7790.7099609375,7853.2099609375,7753.740234375,7849.31982421875,93214500
2025-04-01,7876.35986328125,7884.35009765625,7814.72998046875,7837.4501953125,73679000
2025-04-02,7858.830078125,7859.41015625,7792.97998046875,7850.8798828125,66242600
2025-04-03,7598.97998046875,7740.91015625,7585.0,7689.60986328125,115848900
2025-04-04,7274.9501953125,7552.52001953125,7215.759765625,7546.43017578125,177451600
2025-04-07,6927.1201171875,7285.72998046875,6763.759765625,6804.83984375,197563800
2025-04-08,7100.419921875,7179.490234375,6952.1201171875,7036.169921875,118583500
2025-04-09,6863.02001953125,6999.35009765625,6792.56982421875,6902.419921875,122317100
2025-04-10,7126.02001953125,7384.47021484375,7126.02001953125,7296.5,125588200
2025-04-11,7104.7998046875,7204.60009765625,7007.6298828125,7191.47998046875,89406900
2025-04-14,7273.1201171875,7308.759765625,7222.85986328125,7238.009765625,77135600
2025-04-15,7335.39990234375,7344.2001953125,7239.72998046875,7255.06005859375,76652500
2025-04-16,7329.97021484375,7332.14013671875,7243.77001953125,7276.39013671875,69618700
2025-04-17,7285.85986328125,7331.64013671875,7257.77001953125,7311.91015625,60437800
2025-04-22,7326.47021484375,7326.47021484375,7218.2998046875,7284.7099609375,75618400
2025-04-23,7482.35986328125,7555.169921875,7403.93017578125,7403.93017578125,94945000
2025-04-24,7502.77978515625,7507.2998046875,7411.02978515625,7448.4599609375,70597400
2025-04-25,7536.259765625,7574.25,7525.1298828125,7565.35009765625,71766900
2025-04-28,7573.759765625,7618.5498046875,7564.259765625,7564.259765625,67007800
2025-04-29,7555.8701171875,7588.43017578125,7533.56982421875,7572.22998046875,69142800
2025-04-30,7593.8701171875,7609.31982421875,7512.22998046875,7586.64990234375,111554900
2025-05-02,7770.47998046875,7779.7001953125,7679.009765625,7710.080078125,80868800
2025-05-05,7727.93017578125,7747.490234375,7713.16015625,7735.58984375,46759300
2025-05-06,7696.919921875,7746.27978515625,7647.77978515625,7743.06982421875,60335900
2025-05-07,7626.83984375,7678.9501953125,7613.2001953125,7668.18017578125,61695900
2025-05-08,7694.43994140625,7719.830078125,7646.009765625,7657.02978515625,62217600
2025-05-09,7743.75,7767.06982421875,7723.14013671875,7732.02001953125,55902300
2025-05-12,7850.10009765625,7880.2900390625,7783.68994140625,7800.18017578125,86218100
2025-05-13,7873.830078125,7879.39013671875,7840.85986328125,7842.7900390625,57046800
2025-05-14,7836.7900390625,7877.740234375,7805.7001953125,7875.39013671875,66229500
2025-05-15,7853.47021484375,7853.47021484375,7800.3701171875,7806.1201171875,62402300
2025-05-16,7886.68994140625,7915.43017578125,7855.72021484375,7874.93017578125,67204200
2025-05-19,7883.6298828125,7883.6298828125,7824.419921875,7854.10986328125,56011100
2025-05-20,7942.419921875,7955.52978515625,7878.56982421875,7899.85986328125,65943600
2025-05-21,7910.490234375,7930.60986328125,7873.169921875,7913.740234375,57998400
2025-05-22,7864.43994140625,7887.10009765625,7807.0498046875,7870.56982421875,61205200
2025-05-23,7734.39990234375,7888.97021484375,7620.39990234375,7876.8701171875,79976100
2025-05-26,7828.1298828125,7840.2998046875,7799.81005859375,7833.1298828125,45804600
2025-05-27,7826.7900390625,7856.39990234375,7808.1201171875,7816.509765625,51608000
2025-05-28,7788.10009765625,7853.66015625,7787.580078125,7825.419921875,59924500
2025-05-29,7779.72021484375,7869.919921875,7779.72021484375,7866.77001953125,38396900
2025-05-30,7751.89013671875,7811.490234375,7747.89990234375,7776.0400390625,126162300
2025-06-02,7737.2001953125,7744.27978515625,7668.89990234375,7714.91015625,59191900
2025-06-03,7763.83984375,7765.4599609375,7699.240234375,7752.27978515625,58270900
2025-06-04,7804.669921875,7843.2099609375,7779.35986328125,7795.06005859375,60842600
2025-06-05,7790.27001953125,7848.08984375,7761.5400390625,7811.18017578125,53717400
2025-06-06,7804.8701171875,7815.0,7769.83984375,7794.8798828125,43299700
2025-06-09,7791.47021484375,7812.72998046875,7772.08984375,7796.259765625,39647500
2025-06-10,7804.330078125,7815.43994140625,7769.509765625,7784.580078125,61379600
2025-06-11,7775.89990234375,7840.02001953125,7775.89990234375,7810.83984375,58253000
2025-06-12,7765.10986328125,7783.64013671875,7698.22998046875,7741.0400390625,57177200
2025-06-13,7684.68017578125,7713.68017578125,7659.1298828125,7670.0400390625,74634100
2025-06-16,7742.240234375,7769.31982421875,7705.27978515625,7706.83984375,66005300
2025-06-17,7683.72998046875,7702.75,7646.759765625,7687.169921875,63015300
2025-06-18,7656.1201171875,7710.14013671875,7641.1298828125,7687.419921875,56555500
2025-06-19,7553.4501953125,7618.759765625,7553.4501953125,7605.8798828125,54333600
2025-06-20,7589.66015625,7636.830078125,7575.990234375,7597.18017578125,150191600
2025-06-23,7537.56982421875,7597.93994140625,7505.27001953125,7549.919921875,53135000
2025-06-24,7615.990234375,7678.77978515625,7606.31982421875,7656.5400390625,69697400
2025-06-25,7558.16015625,7658.5,7557.240234375,7630.33984375,53189500
2025-06-26,7557.31005859375,7594.89990234375,7532.25,7587.240234375,70187900
2025-06-27,7691.5498046875,7691.5498046875,7609.9599609375,7613.35009765625,60467400
2025-06-30,7665.91015625,7714.56005859375,7660.77978515625,7714.56005859375,63121500
2025-07-01,7662.58984375,7675.68994140625,7612.39013671875,7674.5400390625,56189700
2025-07-02,7738.419921875,7770.4501953125,7674.22998046875,7710.72021484375,64521800
2025-07-03,7754.5498046875,7766.919921875,7717.06982421875,7763.25,51421200
2025-07-04,7696.27001953125,7713.5400390625,7656.68994140625,7713.5400390625,39006400
2025-07-07,7723.47021484375,7730.97998046875,7682.1201171875,7704.2099609375,49271000
2025-07-08,7766.7099609375,7771.6201171875,7696.3798828125,7743.56982421875,54942400
2025-07-09,7878.4599609375,7886.7900390625,7790.5498046875,7799.330078125,59300100
2025-07-10,7902.25,7940.6201171875,7885.8701171875,7909.85986328125,52841500
2025-07-11,7829.2900390625,7881.18994140625,7815.18994140625,7873.43017578125,48937000
2025-07-14,7808.169921875,7810.5498046875,7764.7998046875,7774.0400390625,40409300
2025-07-15,7766.2099609375,7836.1298828125,7766.2099609375,7818.08984375,48694900
2025-07-16,7722.08984375,7778.1298828125,7722.08984375,7740.14990234375,64253700
2025-07-17,7822.0,7822.02001953125,7783.64990234375,7794.419921875,52115700
2025-07-18,7822.669921875,7873.2998046875,7815.22998046875,7857.68994140625,51242500
2025-07-21,7798.22021484375,7838.60986328125,7757.68017578125,7825.72998046875,47487000
2025-07-22,7744.41015625,7782.66015625,7726.740234375,7775.0400390625,47029700
2025-07-23,7850.43017578125,7869.9599609375,7816.27001953125,7839.7099609375,66792400
2025-07-24,7818.27978515625,7898.02978515625,7797.27978515625,7873.5,74863300
2025-07-25,7834.580078125,7851.4599609375,7759.58984375,7782.39013671875,59054700
2025-07-28,7800.8798828125,7931.14990234375,7794.66015625,7924.52978515625,54179100
2025-07-29,7857.35986328125,7924.6201171875,7833.02001953125,7834.83984375,57353300
2025-07-30,7861.9599609375,7921.60986328125,7853.5400390625,7856.009765625,51555900
2025-07-31,7771.97021484375,7906.3701171875,7771.97021484375,7876.58984375,84917700
2025-08-01,7546.16015625,7691.1201171875,7523.60986328125,7676.39013671875,91055600
2025-08-04,7632.009765625,7632.77001953125,7571.759765625,7582.77001953125,57746900
2025-08-05,7621.0400390625,7670.2001953125,7610.56982421875,7670.2001953125,48283700
2025-08-06,7635.02978515625,7672.14990234375,7620.97021484375,7658.919921875,46905700
2025-08-07,7709.31982421875,7737.6298828125,7645.2099609375,7651.39990234375,55875200
2025-08-08,7743.0,7770.89013671875,7710.669921875,7733.7099609375,50735400
2025-08-11,7698.52001953125,7764.240234375,7694.33984375,7764.240234375,41752100
2025-08-12,7753.419921875,7759.740234375,7702.509765625,7730.22021484375,45578600
2025-08-13,7804.97021484375,7819.68994140625,7769.06982421875,7775.22998046875,48809400
2025-08-14,7870.33984375,7871.39013671875,7818.56982421875,7822.9501953125,45938800
2025-08-15,7923.4501953125,7945.27001953125,7896.56005859375,7917.06005859375,45150600
2025-08-18,7884.0498046875,7929.419921875,7856.89990234375,7929.419921875,39333100
2025-08-19,7979.080078125,7986.81005859375,7892.72021484375,7894.68994140625,45661000
2025-08-20,7973.02978515625,8004.33984375,7932.06005859375,7949.14013671875,42249900
2025-08-21,7938.2900390625,7970.75,7910.33984375,7970.75,36764300
2025-08-22,7969.68994140625,7997.35009765625,7923.39013671875,7923.39013671875,40033500
2025-08-25,7843.0400390625,7946.06982421875,7836.9599609375,7943.0,48417900
2025-08-26,7709.81005859375,7749.240234375,7668.080078125,7726.240234375,131793500
2025-08-27,7743.93017578125,7765.169921875,7703.93017578125,7718.2900390625,57293600
2025-08-28,7762.60009765625,7833.0400390625,7734.9599609375,7770.68994140625,51176800
2025-08-29,7703.89990234375,7764.2900390625,7702.2099609375,7743.43994140625,53287000
2025-09-01,7707.89990234375,7744.64013671875,7697.81982421875,7724.9599609375,33581700
2025-09-02,7654.25,7738.18017578125,7648.1298828125,7730.60986328125,64400100
2025-09-03,7719.7099609375,7736.759765625,7671.52978515625,7699.6201171875,58857500
2025-09-04,7698.919921875,7727.759765625,7676.83984375,7701.4599609375,63711400
2025-09-05,7674.77978515625,7732.0400390625,7649.39990234375,7723.97021484375,55619600
2025-09-08,7734.83984375,7745.0498046875,7682.31005859375,7706.7900390625,47203800
2025-09-09,7749.39013671875,7791.64990234375,7729.8798828125,7750.919921875,49086400
2025-09-10,7761.31982421875,7823.33984375,7750.60009765625,7774.35986328125,51828200
2025-09-11,7823.52001953125,7848.3798828125,7773.56982421875,7781.7998046875,54251700
2025-09-12,7825.240234375,7842.6201171875,7768.91015625,7830.7001953125,48520500
2025-09-15,7896.93017578125,7935.31005859375,7843.4599609375,7848.2001953125,49857700
2025-09-16,7818.22021484375,7903.0400390625,7811.1201171875,7890.52978515625,59036100
2025-09-17,7786.97998046875,7846.08984375,7777.9599609375,7841.5498046875,53227000
2025-09-18,7854.60986328125,7887.10986328125,7818.740234375,7822.56982421875,56679400
2025-09-19,7853.58984375,7934.919921875,7853.58984375,7873.3701171875,138907700
2025-09-22,7830.10986328125,7850.22021484375,7801.169921875,7847.759765625,42599900
2025-09-23,7872.02001953125,7919.06982421875,7857.10986328125,7867.68994140625,48991400
2025-09-24,7827.4501953125,7872.56982421875,7810.0498046875,7871.22021484375,52936900
2025-09-25,7795.419921875,7819.7001953125,7760.06982421875,7797.97021484375,51878400
2025-09-26,7870.68017578125,7875.0400390625,7821.25,7822.169921875,52920700
2025-09-29,7880.8701171875,7901.22998046875,7870.47021484375,7899.02001953125,46221000
2025-09-30,7895.93994140625,7895.93994140625,7831.080078125,7865.43994140625,60290200
2025-10-01,7966.9501953125,7984.81982421875,7865.39990234375,7894.2900390625,63080400
2025-10-02,8056.6298828125,8088.52978515625,8023.02001953125,8025.5,64288600
2025-10-03,8081.5400390625,8097.240234375,8040.35986328125,8093.009765625,52963700
2025-10-06,7971.77978515625,8035.72021484375,7909.4599609375,8035.330078125,80272100
2025-10-07,7974.85009765625,8005.740234375,7934.1298828125,7974.91015625,55312500
2025-10-08,8060.1298828125,8070.64013671875,7983.3701171875,7983.3701171875,58212000
2025-10-09,8041.35986328125,8109.77001953125,8041.35986328125,8074.1201171875,50470000
2025-10-10,7918.0,8082.52978515625,7905.830078125,8049.56982421875,61196100
2025-10-13,7934.259765625,7995.490234375,7902.1201171875,7959.27001953125,47157200
2025-10-14,7919.6201171875,7932.8798828125,7825.97021484375,7862.91015625,61249500
2025-10-15,8077.0,8130.72021484375,8024.5400390625,8029.97021484375,72826600
2025-10-16,8188.58984375,8188.58984375,8053.06982421875,8093.4599609375,56494100
2025-10-17,8174.2001953125,8224.5595703125,8080.830078125,8092.52978515625,67602100
2025-10-20,8206.0703125,8239.669921875,8151.35009765625,8213.2001953125,62656300
2025-10-21,8258.8603515625,8271.48046875,8198.26953125,8206.349609375,58317200
2025-10-22,8206.8701171875,8248.900390625,8193.349609375,8222.73046875,61261000
2025-10-23,8225.7802734375,8257.4697265625,8215.5302734375,8225.4501953125,66578600
2025-10-24,8225.6298828125,8263.91015625,8169.22998046875,8263.91015625,55232000
2025-10-27,8239.1796875,8252.6396484375,8202.7197265625,8237.2001953125,46330600
2025-10-28,8216.580078125,8243.6396484375,8204.009765625,8219.5302734375,52319200
2025-10-29,8200.8798828125,8226.3203125,8186.009765625,8198.7099609375,51921600
2025-10-30,8157.2900390625,8206.83984375,8114.740234375,8180.35009765625,74718500
2025-10-31,8121.06982421875,8161.81005859375,8106.9501953125,8150.22021484375,60682000
2025-11-03,8109.7900390625,8151.0,8094.41015625,8118.83984375,47263500
2025-11-04,8067.52978515625,8067.580078125,7963.68994140625,8014.47021484375,54448200
2025-11-05,8074.22998046875,8097.83984375,8005.81982421875,8008.06005859375,49985700
2025-11-06,7964.77001953125,8044.85986328125,7950.7998046875,8016.669921875,62779100
2025-11-07,7950.18017578125,8000.990234375,7908.58984375,7986.06982421875,52404200
2025-11-10,8055.509765625,8077.18017578125,8017.47021484375,8044.08984375,52949300
2025-11-11,8156.22998046875,8169.7998046875,8078.22021484375,8080.60009765625,47538300
2025-11-12,8241.240234375,8280.9697265625,8185.02978515625,8190.68017578125,61916100
2025-11-13,8232.490234375,8314.23046875,8227.8798828125,8270.849609375,54230000
2025-11-14,8170.08984375,8202.48046875,8084.22998046875,8186.14013671875,54654300
2025-11-17,8119.02001953125,8176.10009765625,8109.81982421875,8155.93017578125,42960200
2025-11-18,7967.93017578125,8032.509765625,7925.06005859375,8017.72998046875,68564200
2025-11-19,7953.77001953125,8005.75,7919.35986328125,7964.77001953125,55042800
2025-11-20,7981.06982421875,8057.7001953125,7981.06982421875,8044.85009765625,60357000
2025-11-21,7982.64990234375,7996.4599609375,7875.8701171875,7881.10009765625,64784800
2025-11-24,7959.669921875,8033.3798828125,7958.60986328125,8030.4599609375,112183000
2025-11-25,8025.7998046875,8038.669921875,7942.72021484375,7981.89013671875,60730300
2025-11-26,8096.43017578125,8098.669921875,8027.60986328125,8075.47021484375,53500500
2025-11-27,8099.47021484375,8115.4599609375,8080.83984375,8098.68017578125,31913000
2025-11-28,8122.7099609375,8132.169921875,8084.22998046875,8105.009765625,42475900
2025-12-01,8097.0,8114.14013671875,8043.81005859375,8078.39990234375,53441200
2025-12-02,8074.60986328125,8135.7998046875,8072.06005859375,8084.77001953125,49999600
2025-12-03,8087.419921875,8103.14013671875,8051.4501953125,8071.77978515625,60034900
2025-12-04,8122.02978515625,8137.64990234375,8098.08984375,8115.169921875,60726200
2025-12-05,8114.740234375,8160.81005859375,8114.740234375,8148.06982421875,49530600
2025-12-08,8108.43017578125,8110.759765625,8080.85009765625,8098.9599609375,45305200
2025-12-09,8052.509765625,8135.97998046875,8044.990234375,8117.43017578125,50232800
2025-12-10,8022.68994140625,8045.22021484375,8005.10986328125,8035.08984375,50663900
2025-12-11,8085.759765625,8104.759765625,8009.0400390625,8046.169921875,57698900
2025-12-12,8068.6201171875,8155.39013671875,8068.6201171875,8100.52978515625,56113400
2025-12-15,8124.8798828125,8161.02978515625,8086.06982421875,8087.06982421875,57678300
2025-12-16,8106.16015625,8150.22021484375,8086.7001953125,8114.39013671875,61766000
2025-12-17,8086.0498046875,8136.06982421875,8074.0400390625,8116.259765625,54621500
2025-12-18,8150.64013671875,8166.72021484375,8086.58984375,8087.43017578125,62013200
2025-12-19,8151.3798828125,8177.75,8131.06005859375,8131.240234375,124305200
2025-12-22,8121.06982421875,8143.3798828125,8099.4501953125,8135.52001953125,36792900
2025-12-23,8103.85009765625,8127.06982421875,8088.41015625,8120.080078125,32689700
2025-12-24,8103.580078125,8135.7099609375,8103.580078125,8109.2998046875,8940000
2025-12-29,8112.02001953125,8132.58984375,8087.47998046875,8127.58984375,34001400
2025-12-30,8168.14990234375,8184.02978515625,8095.02001953125,8097.43994140625,28781500
2025-12-31,8149.5,8149.5,8118.47998046875,8147.0498046875,16721000
2026-01-02,8195.2099609375,8221.7802734375,8113.33984375,8127.27001953125,44149100
2026-01-05,8211.5,8253.8701171875,8174.43994140625,8247.16015625,51835400
2026-01-06,8237.4296875,8255.76953125,8158.08984375,8216.580078125,60302300
2026-01-07,8233.919921875,8257.330078125,8211.6201171875,8251.4404296875,58547000
2026-01-08,8243.4697265625,8255.51953125,8203.7099609375,8210.900390625,52767100
2026-01-09,8362.08984375,8362.08984375,8271.650390625,8271.650390625,60143000
2026-01-12,8358.759765625,8378.08984375,8313.3095703125,8342.3798828125,48217000
2026-01-13,8347.2001953125,8352.7998046875,8308.669921875,8346.8095703125,57006000
2026-01-14,8330.9697265625,8396.7197265625,8327.2197265625,8368.990234375,56945700
2026-01-15,8313.1201171875,8366.2998046875,8290.6103515625,8366.2998046875,50823000
2026-01-16,8258.9404296875,8313.6396484375,8234.26953125,8304.4599609375,59759000
2026-01-19,8112.02001953125,8165.4599609375,8092.0498046875,8125.509765625,48166100
2026-01-20,8062.580078125,8062.580078125,7996.58984375,8054.240234375,56758100
2026-01-21,8069.169921875,8090.490234375,8014.14013671875,8050.77001953125,61605600
2026-01-22,8148.89013671875,8190.080078125,8142.43994140625,8163.56005859375,63848100
2026-01-23,8143.0498046875,8156.0498046875,8095.0,8116.81005859375,51901000
2026-01-26,8131.14990234375,8159.2900390625,8106.06005859375,8130.5498046875,49897300
2026-01-27,8152.81982421875,8173.56982421875,8117.580078125,8142.72998046875,60299800
2026-01-28,8066.68017578125,8112.5,8020.75,8096.43017578125,58105900
2026-01-29,8071.35986328125,8145.43994140625,8068.93017578125,8127.9501953125,64808400
2026-01-30,8126.52978515625,8143.31982421875,8070.85986328125,8070.85986328125,63740300
2026-02-02,8181.169921875,8201.8798828125,8080.66015625,8084.91015625,57400400
2026-02-03,8179.5,8234.5,8129.330078125,8219.259765625,66506400
2026-02-04,8262.16015625,8298.41015625,8203.26953125,8219.9599609375,83480800
2026-02-05,8238.169921875,8312.6796875,8193.2001953125,8288.4697265625,72419400
2026-02-06,8273.83984375,8287.919921875,8175.08984375,8214.849609375,104872600
2026-02-09,8323.2802734375,8323.2802734375,8258.75,8294.830078125,65503700
2026-02-10,8327.8798828125,8369.7099609375,8316.6103515625,8348.8203125,67132400
2026-02-11,8313.240234375,8358.23046875,8277.9599609375,8344.25,83638500
2026-02-12,8340.5595703125,8437.349609375,8332.73046875,8432.150390625,84767100
2026-02-13,8311.740234375,8331.9599609375,8275.0400390625,8315.5,80704400
2026-02-16,8316.5,8354.75,8313.9404296875,8322.849609375,50019300
2026-02-17,8361.4599609375,8368.25,8292.1298828125,8310.8896484375,58135600
2026-02-18,8429.0302734375,8438.51953125,8365.6298828125,8370.48046875,68796900
2026-02-19,8398.7802734375,8415.8798828125,8350.3603515625,8412.25,72333000
2026-02-20,8515.490234375,8529.0,8421.1103515625,8442.1796875,72160200
2026-02-23,8497.169921875,8532.9501953125,8485.23046875,8496.33984375,58801900
2026-02-24,8519.2099609375,8548.2900390625,8461.8798828125,8471.4404296875,59104100
2026-02-25,8559.0703125,8560.91015625,8528.6298828125,8539.6201171875,61295000
2026-02-26,8620.9296875,8642.23046875,8562.8603515625,8568.759765625,75205600
2026-02-27,8580.75,8638.9296875,8553.9404296875,8609.4599609375,109240900
2026-03-02,8394.3203125,8461.75,8378.1796875,8404.9501953125,97231700
2026-03-03,8103.83984375,8298.3095703125,8086.68017578125,8292.419921875,111030800
2026-03-04,8167.72998046875,8210.41015625,8089.81005859375,8122.60009765625,80568200
2026-03-05,8045.7998046875,8215.01953125,8028.1298828125,8135.06982421875,80365500
2026-03-06,7993.490234375,8104.77001953125,7913.02001953125,8083.669921875,82534400
2026-03-09,7915.35986328125,7929.52978515625,7768.10986328125,7809.740234375,80316200
2026-03-10,8057.35986328125,8107.18994140625,7995.81005859375,8064.81982421875,81753500
2026-03-11,8041.81005859375,8057.22021484375,7961.31982421875,7992.66015625,61992200
2026-03-12,7984.43994140625,8037.830078125,7916.5,8006.72998046875,78924200
2026-03-13,7911.52978515625,8016.43017578125,7872.72998046875,7907.81982421875,70483500
2026-03-16,7935.97021484375,7968.64990234375,7856.60986328125,7921.02001953125,60060700
2026-03-17,7974.490234375,8022.27001953125,7919.8701171875,7919.8701171875,58874400
2026-03-18,7969.8798828125,8066.6201171875,7944.33984375,8008.93017578125,76335300
2026-03-19,7807.8701171875,7887.9501953125,7774.43994140625,7871.759765625,95463500
2026-03-20,7665.6201171875,7883.27001953125,7660.47021484375,7869.68017578125,175748400
2026-03-23,7726.2001953125,7876.7001953125,7505.27001953125,7542.35986328125,97910300
2026-03-24,7743.919921875,7773.6298828125,7660.240234375,7743.5498046875,62099000
2026-03-25,7846.5498046875,7884.14013671875,7792.3701171875,7837.0400390625,63113200
2026-03-26,7769.31005859375,7843.06982421875,7756.169921875,7795.77978515625,67009300
2026-03-27,7701.9501953125,7785.4599609375,7677.31982421875,7774.39990234375,63971600
2026-03-30,7772.4501953125,7775.259765625,7680.2099609375,7689.0498046875,70054300
2026-03-31,7816.93994140625,7850.14013671875,7751.56982421875,7765.16015625,79609800
2026-04-01,7981.27001953125,8006.47021484375,7918.52001953125,8004.81005859375,77803600
2026-04-02,7962.39013671875,7993.080078125,7856.89013671875,7877.5,64754700
2026-04-07,7908.740234375,8075.18017578125,7881.0400390625,7997.91015625,67821300
2026-04-08,8263.8701171875,8305.4697265625,8111.169921875,8111.169921875,116465900
2026-04-09,8245.7998046875,8254.5595703125,8183.35986328125,8251.2099609375,65416300
2026-04-10,8259.599609375,8320.3896484375,8242.75,8250.990234375,66317300
2026-04-13,8235.98046875,8235.98046875,8163.3701171875,8178.22021484375,56841900
2026-04-14,8327.8603515625,8336.0498046875,8249.7900390625,8254.3798828125,64631600
2026-04-15,8274.5703125,8295.2802734375,8258.2900390625,8283.419921875,56143400
2026-04-16,8262.7001953125,8331.080078125,8262.7001953125,8286.5,62275800
2026-04-17,8425.1298828125,8455.650390625,8263.5703125,8265.26953125,94163700
2026-04-20,8331.0498046875,8356.8095703125,8310.73046875,8313.7802734375,58215400
2026-04-21,8235.7197265625,8357.9501953125,8230.7900390625,8320.0703125,53546700
2026-04-22,8156.43017578125,8266.91015625,8156.43017578125,8266.91015625,66214200
2026-04-23,8227.3203125,8242.2197265625,8142.490234375,8186.2001953125,67293000
2026-04-24,8157.81982421875,8224.2197265625,8116.9501953125,8167.06005859375,60608700
2026-04-27,8141.919921875,8214.6298828125,8127.830078125,8160.18017578125,45059700
2026-04-28,8104.08984375,8172.89013671875,8090.7001953125,8129.35009765625,54923600
2026-04-29,8072.1298828125,8110.6201171875,8036.4599609375,8088.97998046875,57015000
2026-04-30,8114.83984375,8115.080078125,7957.830078125,7962.83984375,98730200
2026-05-04,7976.1201171875,8122.10009765625,7962.759765625,8122.10009765625,67708500
2026-05-05,8062.31005859375,8062.31005859375,7956.0400390625,7961.35986328125,58808400
2026-05-06,8299.419921875,8344.8896484375,8131.52978515625,8134.9501953125,88421900
2026-05-07,8202.080078125,8361.0,8202.080078125,8320.330078125,71509500
2026-05-08,8112.56982421875,8158.93017578125,8095.68994140625,8141.93994140625,59984600
2026-05-11,8056.3798828125,8080.6298828125,8012.39013671875,8069.6298828125,58750800
2026-05-12,7979.919921875,8026.81005859375,7962.75,7973.990234375,60334100
2026-05-13,8007.97021484375,8029.93994140625,7931.77978515625,8029.93994140625,60910900
2026-05-14,8082.27001953125,8083.990234375,8030.6298828125,8063.169921875,45244200
2026-05-15,7952.5498046875,8043.56982421875,7942.4501953125,8003.06005859375,69706700
2026-05-18,7987.490234375,8009.47021484375,7854.27978515625,7861.31982421875,66133000
2026-05-19,7981.759765625,8073.580078125,7969.85009765625,7995.81005859375,56866500
2026-05-20,8117.419921875,8175.240234375,7954.56982421875,7954.56982421875,66456800
2026-05-21,8086.0,8153.5498046875,8055.89013671875,8109.77001953125,62747700
2026-05-22,8115.75,8158.7900390625,8095.7099609375,8138.97021484375,57957000
2026-05-25,8258.259765625,8280.98046875,8183.7099609375,8185.43994140625,38666600
2026-05-26,8173.10986328125,8240.98046875,8168.1298828125,8237.83984375,53203200
2026-05-27,8207.8896484375,8271.759765625,8190.8798828125,8190.8798828125,60907700
2026-05-28,8188.8701171875,8220.3701171875,8150.5498046875,8172.7998046875,59689800
2026-05-29,8183.33984375,8286.4697265625,8183.33984375,8224.6103515625,153488500
2026-06-01,8146.58984375,8222.240234375,8101.14990234375,8171.22998046875,62422300
2026-06-02,8209.08984375,8244.6103515625,8166.52978515625,8191.47021484375,57090400
2026-06-03,8150.419921875,8199.0302734375,8150.419921875,8178.43017578125,61410300
2026-06-04,8244.2900390625,8256.7900390625,8150.89013671875,8151.5498046875,51726700
2026-06-05,8218.240234375,8296.009765625,8218.240234375,8265.1298828125,52498900
2026-06-08,8199.2900390625,8230.4697265625,8121.39990234375,8133.4599609375,56697200
2026-06-09,8203.4296875,8290.7001953125,8175.60986328125,8179.22021484375,62474600
2026-06-10,8161.830078125,8240.6298828125,8113.0,8223.0498046875,71176300
2026-06-11,8200.7998046875,8249.7900390625,8150.06005859375,8154.5400390625,60559500
2026-06-12,8350.8701171875,8397.6298828125,8302.6904296875,8315.3095703125,79607200
2026-06-15,8384.009765625,8506.650390625,8384.009765625,8462.0703125,74187800
2026-06-16,8447.26953125,8461.9404296875,8401.58984375,8406.740234375,62047700
2026-06-17,8430.7900390625,8476.7900390625,8408.900390625,8435.1201171875,75757200
2026-06-18,8467.98046875,8473.240234375,8406.169921875,8433.08984375,90578200
2026-06-19,8421.1396484375,8501.3603515625,8419.2001953125,8473.6904296875,133245300
2026-06-22,8400.1103515625,8435.8095703125,8353.0595703125,8434.0703125,65664100
2026-06-23,8340.7099609375,8379.2900390625,8304.5703125,8332.2998046875,68769700
2026-06-24,8385.490234375,8395.8798828125,8334.76953125,8353.6796875,67380300
2026-06-25,8431.6103515625,8452.3798828125,8374.5,8388.8203125,60223800
2026-06-26,8384.8701171875,8421.099609375,8342.6201171875,8410.3603515625,61223200
2026-06-29,8367.330078125,8391.5595703125,8341.259765625,8379.3603515625,53787200
2026-06-30,8403.990234375,8420.580078125,8363.23046875,8377.8603515625,69481300
2026-07-01,8337.2900390625,8391.6904296875,8316.5302734375,8391.6904296875,66915600
2026-07-02,8474.8603515625,8503.240234375,8342.259765625,8343.650390625,68163000
2026-07-03,8508.0703125,8520.849609375,8457.6796875,8486.8896484375,44433900
2026-07-06,8479.8701171875,8561.3798828125,8465.7900390625,8519.8603515625,47327300
2026-07-07,8436.240234375,8545.6796875,8436.240234375,8500.080078125,57300700
2026-07-08,8252.66015625,8389.2900390625,8235.349609375,8389.2900390625,72496800
2026-07-09,8326.6201171875,8329.0,8262.8603515625,8307.509765625,53896900
2026-07-10,8338.9697265625,8350.830078125,8284.240234375,8324.0703125,42483100
2026-07-13,8364.650390625,8375.3701171875,8306.6396484375,8306.6396484375,40463600
2026-07-14,8366.849609375,8375.7900390625,8274.8896484375,8288.5,45296900
2026-07-15,8382.4296875,8398.4296875,8320.1298828125,8367.0498046875,51107300
2026-07-16,8377.8603515625,8380.83984375,8281.26953125,8380.83984375,52093300
2026-07-17,8338.8095703125,8350.1904296875,8282.169921875,8326.740234375,60575700
2026-07-20,8340.1103515625,8391.0400390625,8316.3798828125,8316.3798828125,46504700
2026-07-21,8363.1396484375,8375.3095703125,8299.8701171875,8348.75,49546200
2026-07-22,8437.8896484375,8468.0,8350.83984375,8355.1298828125,54646900
2026-07-23,8299.08984375,8376.5400390625,8279.580078125,8370.330078125,64057200
2026-07-24,8372.2802734375,8372.41015625,8278.6396484375,8284.6796875,57957700
2026-07-27,8406.0595703125,8463.7099609375,8402.8095703125,8442.75,61936100
2026-07-28,8458.7802734375,8472.8095703125,8400.330078125,8447.08984375,64429900
2026-07-29,8408.26953125,8502.48046875,8379.7802734375,8492.9697265625,66023100
2026-07-30,8485.6396484375,8515.3603515625,8409.8896484375,8410.330078125,76989600
2026-07-31,8509.6396484375,8576.5498046875,8483.2099609375,8489.4404296875,88739700
2026-08-03,8613.8203125,8642.3203125,8559.580078125,8566.740234375,64433300
2026-08-04,8666.6298828125,8669.6904296875,8601.919921875,8642.33984375,57151100
2026-08-05,8669.2998046875,8693.8896484375,8656.73046875,8684.26953125,50807400
2026-08-06,8699.7099609375,8742.5302734375,8699.7099609375,8721.1396484375,49477400
2026-08-07,8714.9296875,8755.0302734375,8697.1904296875,8712.2900390625,52744400
2026-08-10,8726.0302734375,8730.0302734375,8692.349609375,8710.490234375,42610800
2026-08-11,8714.9404296875,8749.4697265625,8698.8603515625,8726.3896484375,44554400
2026-08-12,8674.9404296875,8721.6904296875,8658.919921875,8714.26953125,50323000
2026-08-13,8650.5595703125,8707.3896484375,8649.4599609375,8702.5400390625,45713700
2026-08-14,8636.7998046875,8662.099609375,8630.240234375,8657.58984375,39200100
2026-08-17,8579.599609375,8643.900390625,8577.490234375,8628.6201171875,41038400
2026-08-18,8509.3603515625,8578.099609375,8509.3603515625,8563.0595703125,52670900
2026-08-19,8501.91015625,8558.2197265625,8501.91015625,8523.25,54237100
2026-08-20,8453.08984375,8514.669921875,8444.759765625,8504.0703125,48361500
2026-08-21,8484.4296875,8493.5498046875,8441.1103515625,8445.650390625,49154700
2026-08-24,8453.009765625,8490.240234375,8444.7998046875,8481.7900390625,43358500
2026-08-25,8439.2001953125,8501.509765625,8439.2001953125,8499.2001953125,47294700
2026-08-26,8462.3896484375,8503.650390625,8462.3896484375,8468.7900390625,44775900
2026-08-27,8319.8701171875,8460.91015625,8308.099609375,8460.91015625,75924400
2026-08-28,8401.1796875,8421.51953125,8388.76953125,8388.76953125,55003100
2026-08-31,8334.5,8427.099609375,8334.5,8404.73046875,79795300
2026-09-01,8301.849609375,8372.5498046875,8278.5400390625,8348.349609375,57150000
2026-09-02,8280.6298828125,8307.66015625,8237.919921875,8292.9501953125,51229800
2026-09-03,8286.400390625,8288.8203125,8240.5,8275.3701171875,50772200
2026-09-04,8278.76953125,8297.0703125,8254.6796875,8266.650390625,55279700
2026-09-07,8306.150390625,8317.3701171875,8255.7197265625,8272.759765625,35204400
2026-09-08,8317.98046875,8320.0498046875,8257.599609375,8268.1201171875,42624800
2026-09-09,8156.669921875,8277.240234375,8141.419921875,8258.240234375,60176300
2026-09-10,8116.759765625,8190.080078125,8114.0,8169.64990234375,49671000
2026-09-11,8179.77001953125,8207.7099609375,8140.7998046875,8159.22998046875,46054500
2026-09-14,8117.77978515625,8165.10009765625,8086.39990234375,8132.6298828125,55466300
2026-09-15,8090.27978515625,8110.580078125,8033.0400390625,8084.60986328125,49491200
2026-09-16,8140.58984375,8155.509765625,8088.1298828125,8105.5400390625,58584400
2026-09-17,8186.93017578125,8209.669921875,8142.16015625,8176.990234375,55733600
2026-09-18,8065.02001953125,8161.06982421875,8046.0400390625,8153.5400390625,193685300
2026-09-21,8138.93994140625,8154.240234375,8102.08984375,8103.85009765625,48403200
2026-09-22,8154.91015625,8197.0703125,8117.27001953125,8160.06982421875,63609100
2026-09-23,8123.41015625,8199.66015625,8112.22021484375,8190.22021484375,50598100
2026-09-24,8081.43017578125,8123.10986328125,8049.56005859375,8088.81982421875,58273700
2026-09-25,8077.7998046875,8136.2900390625,8057.14990234375,8134.06005859375,50628100
2026-09-28,8078.47998046875,8137.419921875,8071.58984375,8110.919921875,48380800
2026-09-29,8035.8701171875,8107.27978515625,8023.97998046875,8086.16015625,52890300
2026-09-30,7964.509765625,8068.509765625,7950.490234375,8034.22021484375,74271700
